,MOF,TSN Class,Predictions,TSN,Correct,,,
286,DEPJIR02_stripped.cif,HIGH,HIGH,32.86295629,TRUE,,0.911111111,
559,SIKYIV_stripped.cif,HIGH,HIGH,23.55356142,TRUE,,,
603,DEJCEB_stripped.cif,HIGH,HIGH,21.16342096,TRUE,,,
198,FOKYIP_stripped.cif,HIGH,HIGH,19.96673664,TRUE,,,
589,COTVIS_stripped.cif,HIGH,HIGH,18.96265281,TRUE,,,
294,KUJMEJ_stripped.cif,HIGH,HIGH,18.52955669,TRUE,,,
218,SIKYOB_stripped.cif,HIGH,HIGH,18.05581097,TRUE,,,
155,XOXGUN_stripped.cif,HIGH,HIGH,17.52494453,TRUE,,,
417,MOHLIF_stripped.cif,HIGH,HIGH,17.4858311,TRUE,,,
70,VIYKEV_stripped.cif,HIGH,HIGH,17.12948305,TRUE,,,
698,BUKMUQ_stripped.cif,HIGH,HIGH,17.10858675,TRUE,,,
668,MOLQEL_stripped.cif,HIGH,HIGH,17.01263362,TRUE,,,
766,MIVDIF_stripped.cif,HIGH,HIGH,16.98627191,TRUE,,,
412,DUMGAU_stripped.cif,HIGH,HIGH,16.97784099,TRUE,,,
393,SAMKOI_stripped.cif,HIGH,HIGH,16.86687819,TRUE,,,
72,ZOHFUZ_stripped.cif,HIGH,LOW,16.44162159,FALSE,,,
523,KAFJUZ_stripped.cif,HIGH,HIGH,16.43205274,TRUE,,,
365,ATEYIH_stripped.cif,HIGH,LOW,16.19712,FALSE,,,
16,WOJZEC_stripped.cif,HIGH,HIGH,16.12864633,TRUE,,,
329,AWOFOI_stripped.cif,HIGH,HIGH,15.95421541,TRUE,,,
491,NIGFOZ_stripped.cif,HIGH,HIGH,15.88377528,TRUE,,,
728,UJAQUS_stripped.cif,HIGH,HIGH,15.88326098,TRUE,,,
615,MINCIX_stripped.cif,HIGH,HIGH,15.86770027,TRUE,,,
129,CODROD_stripped.cif,HIGH,HIGH,15.74082506,TRUE,,,
59,NIGFUF_stripped.cif,HIGH,HIGH,15.65796765,TRUE,,,
3,MUYKEX_stripped.cif,HIGH,HIGH,15.59302391,TRUE,,,
352,SOTWOP_stripped.cif,HIGH,HIGH,15.47182779,TRUE,,,
26,GUJYOB_stripped.cif,HIGH,HIGH,15.30648031,TRUE,,,
463,YATTUK_stripped.cif,HIGH,HIGH,15.23009185,TRUE,,,
388,KIBDEF_stripped.cif,HIGH,HIGH,15.0497445,TRUE,,,
394,ABUWOJ_stripped.cif,HIGH,HIGH,14.94013295,TRUE,,,
160,VIDXOX_stripped.cif,HIGH,HIGH,14.87328124,TRUE,,,
454,JAKPOD_stripped.cif,HIGH,HIGH,14.85804873,TRUE,,,
296,NINVAI_stripped.cif,HIGH,HIGH,14.59233955,TRUE,,,
428,NIGFIT_stripped.cif,HIGH,HIGH,14.35799952,TRUE,,,
701,KEFBEE_stripped.cif,HIGH,HIGH,14.2220495,TRUE,,,
392,PUCFEZ_stripped.cif,HIGH,HIGH,13.99076771,TRUE,,,
689,APAZOI_stripped.cif,HIGH,HIGH,13.63536655,TRUE,,,
15,NIGGEQ_stripped.cif,HIGH,HIGH,13.54212513,TRUE,,,
386,SEHSUU_stripped.cif,HIGH,HIGH,13.448455,TRUE,,,
378,XUMDEQ_stripped.cif,HIGH,HIGH,13.39627916,TRUE,,,
190,WEHJAW_stripped.cif,HIGH,LOW,13.25262506,FALSE,,,
201,ERAJEO_stripped.cif,HIGH,HIGH,13.12053711,TRUE,,,
744,XULDEP_stripped.cif,HIGH,LOW,13.09293176,FALSE,,,
477,EYACOX_stripped.cif,HIGH,HIGH,13.05839494,TRUE,,,
628,WEHJEA_stripped.cif,HIGH,HIGH,12.99930655,TRUE,,,
162,EJEBEB_stripped.cif,HIGH,HIGH,12.9835671,TRUE,,,
172,ZATXUQ_stripped.cif,HIGH,HIGH,12.93900483,TRUE,,,
554,IRIFIA_stripped.cif,HIGH,HIGH,12.88798343,TRUE,,,
687,KEFZEC_stripped.cif,HIGH,LOW,12.87279018,FALSE,,,
63,HIQVUZ01_stripped.cif,HIGH,LOW,12.83716503,FALSE,,,
667,LUSHOX03_stripped.cif,HIGH,HIGH,12.82753881,TRUE,,,
20,DAKVOC_stripped.cif,HIGH,LOW,12.77927893,FALSE,,,
623,LUSHOX01_stripped.cif,HIGH,HIGH,12.69723971,TRUE,,,
7,XUKNIC_stripped.cif,HIGH,HIGH,12.68044672,TRUE,,,
220,WANJOL_stripped.cif,HIGH,HIGH,12.44337307,TRUE,,,
421,NIGGIU_stripped.cif,HIGH,HIGH,12.42453277,TRUE,,,
193,ORIWET_stripped.cif,HIGH,HIGH,12.42338785,TRUE,,,
459,KUZZOW_stripped.cif,HIGH,HIGH,12.38366772,TRUE,,,
303,AGAXIP_stripped.cif,HIGH,HIGH,12.33746923,TRUE,,,
727,NEBYOK_stripped.cif,HIGH,HIGH,12.11529799,TRUE,,,
144,AGAWUA_stripped.cif,HIGH,LOW,11.86846849,FALSE,,,
47,CIKJOX_stripped.cif,HIGH,HIGH,11.80462439,TRUE,,,
326,QEBZII_stripped.cif,HIGH,HIGH,11.78988279,TRUE,,,
91,SEMPIL_stripped.cif,HIGH,HIGH,11.69458551,TRUE,,,
328,DONKOI_stripped.cif,HIGH,HIGH,11.6871268,TRUE,,,
562,FOYMAI_stripped.cif,HIGH,HIGH,11.63809955,TRUE,,,
258,JOVCII_stripped.cif,HIGH,HIGH,11.55782077,TRUE,,,
272,BETDIP_stripped.cif,HIGH,HIGH,11.53966609,TRUE,,,
759,HUFHOH_stripped.cif,HIGH,HIGH,11.52360973,TRUE,,,
331,PEDBIM_stripped.cif,HIGH,HIGH,11.45735312,TRUE,,,
629,MEKKUL_stripped.cif,HIGH,HIGH,11.4537472,TRUE,,,
654,COKNOH01_stripped.cif,HIGH,HIGH,11.44857425,TRUE,,,
118,KOSKIO01_stripped.cif,HIGH,HIGH,11.44676255,TRUE,,,
438,ATOLEC_stripped.cif,HIGH,HIGH,11.43521267,TRUE,,,
2,KOSLUB_stripped.cif,HIGH,HIGH,11.42839193,TRUE,,,
418,DAXNOG03_stripped.cif,HIGH,HIGH,11.38585937,TRUE,,,
210,LIBZIG_stripped.cif,HIGH,HIGH,11.36632023,TRUE,,,
450,MUNSEV_stripped.cif,HIGH,HIGH,11.36043373,TRUE,,,
297,WIZDAL_stripped.cif,HIGH,HIGH,11.34384455,TRUE,,,
648,LARPEC_stripped.cif,HIGH,HIGH,11.29584077,TRUE,,,
4,IVUVIG_stripped.cif,HIGH,HIGH,11.2763105,TRUE,,,
427,YARGEF_stripped.cif,HIGH,HIGH,11.22814159,TRUE,,,
120,XOMCIN_stripped.cif,HIGH,HIGH,11.19134302,TRUE,,,
85,TARVUD_stripped.cif,HIGH,HIGH,11.17091554,TRUE,,,
448,MAJPOD_stripped.cif,HIGH,HIGH,11.09720551,TRUE,,,
609,ICUNIE_stripped.cif,HIGH,HIGH,11.09002188,TRUE,,,
249,APAYIB_stripped.cif,HIGH,HIGH,11.08812718,TRUE,,,
199,COWMOR_stripped.cif,HIGH,HIGH,11.0693176,TRUE,,,
513,NAJSUP_stripped.cif,HIGH,HIGH,11.04582228,TRUE,,,
738,OGEHUF_stripped.cif,HIGH,HIGH,10.98279305,TRUE,,,
261,PUDSUD_stripped.cif,HIGH,HIGH,10.9715118,TRUE,,,
644,APAYUN_stripped.cif,HIGH,HIGH,10.94905258,TRUE,,,
31,IKUTOZ_stripped.cif,HIGH,HIGH,10.93027913,TRUE,,,
149,GAJZOI_stripped.cif,HIGH,HIGH,10.79153185,TRUE,,,
577,EWEVAD_stripped.cif,HIGH,HIGH,10.78764995,TRUE,,,
682,XASPIT_stripped.cif,HIGH,HIGH,10.70164112,TRUE,,,
284,NUHRAL_stripped.cif,HIGH,HIGH,10.67127245,TRUE,,,
561,PACZUQ_stripped.cif,HIGH,HIGH,10.63026787,TRUE,,,
652,NUHQUE_stripped.cif,HIGH,HIGH,10.61846165,TRUE,,,
251,LASWIN_stripped.cif,HIGH,LOW,10.59547572,FALSE,,,
9,AFEJOK_stripped.cif,HIGH,LOW,10.58184631,FALSE,,,
114,ALUKOI_stripped.cif,HIGH,HIGH,10.57807308,TRUE,,,
466,YAVZUT_stripped.cif,HIGH,LOW,10.51622594,FALSE,,,
318,YUCZOM_stripped.cif,HIGH,HIGH,10.49162381,TRUE,,,
358,ALUKUO_stripped.cif,HIGH,HIGH,10.37389544,TRUE,,,
419,KINDOC_stripped.cif,HIGH,HIGH,10.31875296,TRUE,,,
89,MUDTAH_stripped.cif,HIGH,HIGH,10.31318823,TRUE,,,
30,SEHXEJ_stripped.cif,HIGH,HIGH,10.28702432,TRUE,,,
474,SEQSIS_stripped.cif,HIGH,HIGH,10.27722406,TRUE,,,
275,ZAXSAV_stripped.cif,HIGH,HIGH,10.22991264,TRUE,,,
175,RULGEM_stripped.cif,HIGH,HIGH,10.20998159,TRUE,,,
82,WEHSOT_stripped.cif,HIGH,HIGH,10.13796938,TRUE,,,
543,PUDSIR01_stripped.cif,HIGH,HIGH,10.13534818,TRUE,,,
282,EMAXOH_stripped.cif,HIGH,HIGH,10.10728369,TRUE,,,
525,BOYBUO_stripped.cif,HIGH,LOW,10.01867168,FALSE,,,
564,SEHTAB_stripped.cif,LOW,HIGH,9.926013116,FALSE,,,
610,MIMHOH_stripped.cif,LOW,LOW,9.915650827,TRUE,,,
212,FIRNAX01_stripped.cif,LOW,LOW,9.909758155,TRUE,,,
234,ATESEZ_stripped.cif,LOW,LOW,9.906911054,TRUE,,,
6,FIFNUE01_stripped.cif,LOW,HIGH,9.888951969,FALSE,,,
547,NIMWOX_stripped.cif,LOW,HIGH,9.881486121,FALSE,,,
211,QADWEA_stripped.cif,LOW,LOW,9.820575429,TRUE,,,
527,ABEXUC_stripped.cif,LOW,LOW,9.798348546,TRUE,,,
146,ZAVQOE_stripped.cif,LOW,HIGH,9.742895761,FALSE,,,
353,ZIKJOU_stripped.cif,LOW,LOW,9.732304264,TRUE,,,
81,XOZYER_stripped.cif,LOW,LOW,9.66700241,TRUE,,,
542,ZAVREV_stripped.cif,LOW,HIGH,9.454452451,FALSE,,,
437,SUKYON_stripped.cif,LOW,LOW,9.445238209,TRUE,,,
782,UKOHIN_stripped.cif,LOW,LOW,9.414117221,TRUE,,,
192,NAJTEA_stripped.cif,LOW,HIGH,9.399479999,FALSE,,,
765,ROQVIE_stripped.cif,LOW,LOW,9.38312584,TRUE,,,
510,ZAVQUK_stripped.cif,LOW,HIGH,9.341742375,FALSE,,,
619,ZAVRAR_stripped.cif,LOW,HIGH,9.29826253,FALSE,,,
230,GUYHUF_stripped.cif,LOW,LOW,9.207230852,TRUE,,,
205,LUFNAC05_stripped.cif,LOW,LOW,9.186270804,TRUE,,,
330,XEKMIL_stripped.cif,LOW,LOW,9.178822121,TRUE,,,
22,FULQUZ_stripped.cif,LOW,LOW,9.1554373,TRUE,,,
590,SOJSUH_stripped.cif,LOW,HIGH,9.138581119,FALSE,,,
375,KEQDER_stripped.cif,LOW,LOW,9.106299424,TRUE,,,
5,LUFNAC01_stripped.cif,LOW,LOW,9.10052578,TRUE,,,
404,ZEZQIG_stripped.cif,LOW,HIGH,9.016442472,FALSE,,,
762,APAZIC_stripped.cif,LOW,HIGH,9.013108573,FALSE,,,
579,AGAWOU_stripped.cif,LOW,LOW,9.007870285,TRUE,,,
60,JAPZAE_stripped.cif,LOW,HIGH,8.969119336,FALSE,601,/642,0.936137072
681,AYOXUJ_stripped.cif,LOW,LOW,8.866488209,TRUE,,,
489,PUDSOX_stripped.cif,LOW,HIGH,8.864610684,FALSE,,,
595,IMIXEI_stripped.cif,LOW,LOW,8.858026169,TRUE,,,
431,XUZPIT01_stripped.cif,LOW,LOW,8.855964592,TRUE,,,
605,ZAVPET_stripped.cif,LOW,HIGH,8.853383618,FALSE,,,
132,WONXED_stripped.cif,LOW,HIGH,8.845923706,FALSE,,,
109,DORNAB_stripped.cif,LOW,LOW,8.801852479,TRUE,,,
206,TISHAF_stripped.cif,LOW,LOW,8.778759768,TRUE,,,
678,WITLUI_stripped.cif,LOW,LOW,8.757267081,TRUE,,,
292,JAPZEI_stripped.cif,LOW,HIGH,8.743763352,FALSE,,,
265,HUFHIB_stripped.cif,LOW,LOW,8.66801371,TRUE,,,
632,YAQYEX_stripped.cif,LOW,LOW,8.656272997,TRUE,,,
185,QOHTUD_stripped.cif,LOW,LOW,8.636538427,TRUE,,,
133,TEJBUI_stripped.cif,LOW,LOW,8.594421113,TRUE,,,
488,DAXNOG01_stripped.cif,LOW,HIGH,8.580382908,FALSE,,,
501,WORLAS_stripped.cif,LOW,HIGH,8.578246619,FALSE,,,
196,IZIHAC_stripped.cif,LOW,LOW,8.543373424,TRUE,,,
202,JUZXEH_stripped.cif,LOW,HIGH,8.523697193,FALSE,,,
100,NOCLOH01_stripped.cif,LOW,LOW,8.520818326,TRUE,,,
555,HEWFAR_stripped.cif,LOW,LOW,8.512938129,TRUE,,,
606,FAQLER_stripped.cif,LOW,LOW,8.497687022,TRUE,,,
688,WORREC_stripped.cif,LOW,LOW,8.495227805,TRUE,,,
240,UCEXAC_stripped.cif,LOW,HIGH,8.480281118,FALSE,,,
574,NIMPEG01_stripped.cif,LOW,LOW,8.455582387,TRUE,,,
691,LUSYEF_stripped.cif,LOW,LOW,8.437679272,TRUE,,,
390,UVOTOQ_stripped.cif,LOW,HIGH,8.428068682,FALSE,,,
127,LASYOU_stripped.cif,LOW,LOW,8.38063346,TRUE,,,
549,XAXVEA_stripped.cif,LOW,HIGH,8.361044396,FALSE,,,
171,DAWCIP_stripped.cif,LOW,LOW,8.357724712,TRUE,,,
174,YURKEC_stripped.cif,LOW,HIGH,8.331799236,FALSE,,,
504,UCEXIK_stripped.cif,LOW,HIGH,8.327651543,FALSE,,,
380,ZOXGOK_stripped.cif,LOW,LOW,8.31358057,TRUE,,,
754,NIRGIG_stripped.cif,LOW,LOW,8.247595915,TRUE,,,
593,PEWDIG_stripped.cif,LOW,HIGH,8.234260497,FALSE,,,
138,EZIMEG_stripped.cif,LOW,LOW,8.227141256,TRUE,,,
499,KIJRUS_stripped.cif,LOW,LOW,8.223499314,TRUE,,,
143,GAWMOJ_stripped.cif,LOW,HIGH,8.180806347,FALSE,,,
255,HOGLEV01_stripped.cif,LOW,LOW,8.175402905,TRUE,,,
41,PUFQIS_stripped.cif,LOW,LOW,8.15098032,TRUE,,,
444,FUTZOK_stripped.cif,LOW,LOW,8.118333733,TRUE,,,
413,QEJBEP_stripped.cif,LOW,LOW,8.092003633,TRUE,,,
699,TOBKAY_stripped.cif,LOW,HIGH,8.066688682,FALSE,,,
0,EMAMOW_stripped.cif,LOW,LOW,8.061144891,TRUE,,,
266,OCEYIH_stripped.cif,LOW,LOW,8.020814707,TRUE,,,
267,UREVOE_stripped.cif,LOW,HIGH,7.97449926,FALSE,,,
567,QIXNIW_stripped.cif,LOW,HIGH,7.960059672,FALSE,,,
420,ZILBAZ_stripped.cif,LOW,HIGH,7.936893188,FALSE,,,
80,SEHXIN_stripped.cif,LOW,LOW,7.92561905,TRUE,,,
616,NAWWUG_stripped.cif,LOW,LOW,7.898417413,TRUE,,,
442,GURMOX_stripped.cif,LOW,LOW,7.897683659,TRUE,,,
713,RUYVAK_stripped.cif,LOW,LOW,7.858617631,TRUE,,,
96,GITWOX_stripped.cif,LOW,HIGH,7.854922125,FALSE,,,
573,EMAMIQ_stripped.cif,LOW,LOW,7.848924906,TRUE,,,
591,RUWXEN_stripped.cif,LOW,HIGH,7.844453366,FALSE,,,
697,POTREX_stripped.cif,LOW,LOW,7.812534337,TRUE,,,
332,HIFTOG02_stripped.cif,LOW,LOW,7.794474516,TRUE,,,
469,MULXOI_stripped.cif,LOW,LOW,7.789404026,TRUE,,,
186,FAFROW_stripped.cif,LOW,LOW,7.783076696,TRUE,,,
516,OGODOD_stripped.cif,LOW,LOW,7.774693462,TRUE,,,
441,FIRNUR_stripped.cif,LOW,LOW,7.765448872,TRUE,,,
176,VUGXEC_stripped.cif,LOW,LOW,7.736350865,TRUE,,,
317,MIJSII_stripped.cif,LOW,LOW,7.736041674,TRUE,,,
635,VOCXUH_stripped.cif,LOW,LOW,7.732791072,TRUE,,,
532,KINFAQ_stripped.cif,LOW,LOW,7.710498415,TRUE,,,
356,UPIBOM_stripped.cif,LOW,LOW,7.701180737,TRUE,,,
446,UKUQEX_stripped.cif,LOW,LOW,7.681701075,TRUE,,,
694,DAMQOY_stripped.cif,LOW,LOW,7.678297286,TRUE,,,
398,LAVTAF_stripped.cif,LOW,LOW,7.676930326,TRUE,,,
208,ACIBEU_stripped.cif,LOW,LOW,7.64958797,TRUE,,,
618,ZEZQEC_stripped.cif,LOW,LOW,7.614840836,TRUE,,,
277,WORKUL_stripped.cif,LOW,HIGH,7.57747823,FALSE,,,
368,RUWWOW01_stripped.cif,LOW,LOW,7.569068885,TRUE,,,
646,CONKIB_stripped.cif,LOW,LOW,7.559983561,TRUE,,,
436,EPOTAF_stripped.cif,LOW,LOW,7.540893361,TRUE,,,
672,FELRAR_stripped.cif,LOW,HIGH,7.532220539,FALSE,,,
465,FAMQES_stripped.cif,LOW,LOW,7.479694042,TRUE,,,
52,KAFTOD_stripped.cif,LOW,HIGH,7.466742644,FALSE,,,
242,QUQBEL_stripped.cif,LOW,LOW,7.414768014,TRUE,,,
700,OHAGAH_stripped.cif,LOW,LOW,7.406354596,TRUE,,,
656,GOTNEK_stripped.cif,LOW,LOW,7.403243449,TRUE,,,
779,KIKFIV_stripped.cif,LOW,LOW,7.389576614,TRUE,,,
55,HAMJOW_stripped.cif,LOW,LOW,7.387083724,TRUE,,,
712,DAKVUI_stripped.cif,LOW,LOW,7.376532254,TRUE,,,
566,QILFUO_stripped.cif,LOW,LOW,7.36667323,TRUE,,,
117,AVIHIY_stripped.cif,LOW,LOW,7.316138991,TRUE,,,
348,DIXGIC_stripped.cif,LOW,LOW,7.299367501,TRUE,,,
357,FUSNAJ_stripped.cif,LOW,LOW,7.285873718,TRUE,,,
627,HAHZUM_stripped.cif,LOW,HIGH,7.257209121,FALSE,,,
680,FIRPAZ_stripped.cif,LOW,LOW,7.244422227,TRUE,,,
237,XAYMIW_stripped.cif,LOW,LOW,7.225753494,TRUE,,,
500,OYOWAC_stripped.cif,LOW,LOW,7.208544954,TRUE,,,
570,RUGZAW_stripped.cif,LOW,LOW,7.203893775,TRUE,,,
693,QOTZEG_stripped.cif,LOW,LOW,7.203142574,TRUE,,,
315,JAPZOS_stripped.cif,LOW,HIGH,7.159468774,FALSE,,,
429,XALMII_stripped.cif,LOW,HIGH,7.134409227,FALSE,,,
104,UHETEH_stripped.cif,LOW,LOW,7.13314089,TRUE,,,
657,EMAMUC_stripped.cif,LOW,LOW,7.10646549,TRUE,,,
674,UHESOQ_stripped.cif,LOW,LOW,7.102059056,TRUE,,,
736,YUSWIU_stripped.cif,LOW,LOW,7.079141139,TRUE,,,
721,GAMXAV_stripped.cif,LOW,LOW,7.056619921,TRUE,,,
613,RUYQIN_stripped.cif,LOW,LOW,7.048365426,TRUE,,,
169,ZECKOJ_stripped.cif,LOW,HIGH,7.042949324,FALSE,,,
57,SOHGUS_stripped.cif,LOW,LOW,7.033320445,TRUE,,,
781,FEWGAQ_stripped.cif,LOW,LOW,6.953620172,TRUE,,,
8,QATCUJ_stripped.cif,LOW,LOW,6.874518298,TRUE,,,
594,XALXUF01_stripped.cif,LOW,LOW,6.857842842,TRUE,,,
572,YUGLES_stripped.cif,LOW,LOW,6.856250065,TRUE,,,
563,ELERIY_stripped.cif,LOW,LOW,6.852172632,TRUE,,,
600,KOCPUO_stripped.cif,LOW,HIGH,6.838714432,FALSE,,,
370,HIYGIH_stripped.cif,LOW,LOW,6.824481963,TRUE,,,
486,RASPAF_stripped.cif,LOW,LOW,6.814101867,TRUE,,,
686,BUHJUL_stripped.cif,LOW,LOW,6.813825343,TRUE,,,
408,ZEFDIA_stripped.cif,LOW,LOW,6.811166102,TRUE,,,
17,MAHCOQ_stripped.cif,LOW,LOW,6.796755044,TRUE,,,
503,VUGXOM_stripped.cif,LOW,LOW,6.791692875,TRUE,,,
263,RIWMUH_stripped.cif,LOW,LOW,6.782539592,TRUE,,,
498,RAHWOP_stripped.cif,LOW,LOW,6.781210984,TRUE,,,
478,MOCKEV_stripped.cif,LOW,LOW,6.757946467,TRUE,,,
665,CUWNIT_stripped.cif,LOW,HIGH,6.756880835,FALSE,,,
39,GOPCAR_stripped.cif,LOW,LOW,6.716248024,TRUE,,,
99,CAJQEL_stripped.cif,LOW,LOW,6.708343985,TRUE,,,
571,QOWRAV07_stripped.cif,LOW,LOW,6.704344336,TRUE,,,
384,NEDVUP_stripped.cif,LOW,LOW,6.68855491,TRUE,,,
402,ALEJEI_stripped.cif,LOW,LOW,6.679596787,TRUE,,,
214,RUYQIN02_stripped.cif,LOW,LOW,6.677280664,TRUE,,,
194,WADPAT_stripped.cif,LOW,LOW,6.64527962,TRUE,,,
496,XAMDUM05_stripped.cif,LOW,LOW,6.643953063,TRUE,,,
223,YIHZEW_stripped.cif,LOW,HIGH,6.630319786,FALSE,,,
743,QOWRAV04_stripped.cif,LOW,LOW,6.621041425,TRUE,,,
649,FUSMEM_stripped.cif,LOW,LOW,6.575762477,TRUE,,,
125,QOWRAV05_stripped.cif,LOW,LOW,6.564698065,TRUE,,,
273,POKGEC_stripped.cif,LOW,HIGH,6.55809037,FALSE,,,
373,NAYXOC_stripped.cif,LOW,LOW,6.550055559,TRUE,,,
262,HALHEJ_stripped.cif,LOW,LOW,6.543590436,TRUE,,,
106,VIXPUP02_stripped.cif,LOW,LOW,6.532508939,TRUE,,,
709,JOFKIA01_stripped.cif,LOW,LOW,6.526829323,TRUE,,,
338,POSGOV_stripped.cif,LOW,LOW,6.49293483,TRUE,,,
101,VEGPUU_stripped.cif,LOW,LOW,6.49077098,TRUE,,,
659,GUHPEG_stripped.cif,LOW,HIGH,6.483126655,FALSE,,,
528,CUQTEP_stripped.cif,LOW,LOW,6.472291603,TRUE,,,
256,ITITUC_stripped.cif,LOW,HIGH,6.465683107,FALSE,,,
148,UKAQAZ_stripped.cif,LOW,LOW,6.445251042,TRUE,,,
361,UPORIB_stripped.cif,LOW,LOW,6.439297795,TRUE,,,
768,SOKNOX_stripped.cif,LOW,LOW,6.408358671,TRUE,,,
440,UXISUR_stripped.cif,LOW,LOW,6.401755427,TRUE,,,
135,YOYBUL_stripped.cif,LOW,LOW,6.376984399,TRUE,,,
290,UKAQED_stripped.cif,LOW,LOW,6.358170072,TRUE,,,
217,AGUVAA_stripped.cif,LOW,LOW,6.352697659,TRUE,,,
584,XAWDOR_stripped.cif,LOW,LOW,6.351183734,TRUE,,,
583,FURQOZ_stripped.cif,LOW,LOW,6.332939611,TRUE,,,
165,FIQCEN_stripped.cif,LOW,LOW,6.300723442,TRUE,,,
221,OFOCUI_stripped.cif,LOW,LOW,6.273020004,TRUE,,,
254,TANBIV_stripped.cif,LOW,LOW,6.248846357,TRUE,,,
675,TELDOF_stripped.cif,LOW,LOW,6.238537748,TRUE,,,
291,CAVWOO_stripped.cif,LOW,LOW,6.235050153,TRUE,,,
702,OKITAE_stripped.cif,LOW,LOW,6.232173375,TRUE,,,
511,RUYTIQ_stripped.cif,LOW,LOW,6.201778333,TRUE,,,
730,LUDLIH_stripped.cif,LOW,LOW,6.200278927,TRUE,,,
497,NIYZIG_stripped.cif,LOW,LOW,6.197089909,TRUE,,,
128,TOLGOR_stripped.cif,LOW,HIGH,6.196834528,FALSE,,,
92,GIYJAB_stripped.cif,LOW,LOW,6.180135029,TRUE,,,
780,HUDWOU_stripped.cif,LOW,LOW,6.177902405,TRUE,,,
643,WEMDUP_stripped.cif,LOW,LOW,6.172916566,TRUE,,,
269,KUWCIQ_stripped.cif,LOW,LOW,6.167127015,TRUE,,,
784,RUXBAP_stripped.cif,LOW,LOW,6.166564418,TRUE,,,
624,SOPLAM_stripped.cif,LOW,LOW,6.148238853,TRUE,,,
179,RUGXEY_stripped.cif,LOW,LOW,6.147526027,TRUE,,,
369,NAGBUU_stripped.cif,LOW,LOW,6.137171529,TRUE,,,
537,KUNSAP_stripped.cif,LOW,LOW,6.136880711,TRUE,,,
669,APARAM_stripped.cif,LOW,LOW,6.130524188,TRUE,,,
200,METPAC_stripped.cif,LOW,LOW,6.122704378,TRUE,,,
124,OTOZII_stripped.cif,LOW,LOW,6.087371194,TRUE,,,
213,BAVFIP_stripped.cif,LOW,LOW,6.080881244,TRUE,,,
772,EQUBOI_stripped.cif,LOW,LOW,6.076507534,TRUE,,,
334,VEGPOO_stripped.cif,LOW,LOW,6.060043337,TRUE,,,
708,EBIDAW_stripped.cif,LOW,LOW,6.059369585,TRUE,,,
677,REWNEO01_stripped.cif,LOW,LOW,6.05794845,TRUE,,,
248,UBINUQ_stripped.cif,LOW,LOW,6.052334093,TRUE,,,
710,DOTSOV36_stripped.cif,LOW,LOW,6.03767224,TRUE,,,
756,DOTSOV33_stripped.cif,LOW,LOW,6.02536042,TRUE,,,
714,LUPTAS_stripped.cif,LOW,LOW,6.023592668,TRUE,,,
597,DIDBID_stripped.cif,LOW,LOW,6.021382433,TRUE,,,
299,ETIXIQ_stripped.cif,LOW,LOW,5.948183371,TRUE,,,
545,QUNVOM_stripped.cif,LOW,LOW,5.940094976,TRUE,,,
586,SADLOA_stripped.cif,LOW,LOW,5.932803688,TRUE,,,
112,JECFON_stripped.cif,LOW,LOW,5.927667163,TRUE,,,
608,ODEJEO_stripped.cif,LOW,LOW,5.913621243,TRUE,,,
546,ESUSOC02_stripped.cif,LOW,LOW,5.900512477,TRUE,,,
324,HUFHUN_stripped.cif,LOW,LOW,5.885201253,TRUE,,,
289,DOTSOV35_stripped.cif,LOW,LOW,5.88350056,TRUE,,,
612,DOTSOV30_stripped.cif,LOW,LOW,5.869216125,TRUE,,,
246,CAXTOM_stripped.cif,LOW,LOW,5.868906226,TRUE,,,
163,HURGEH_stripped.cif,LOW,LOW,5.865200045,TRUE,,,
243,HULCOI_stripped.cif,LOW,LOW,5.859361906,TRUE,,,
706,RAWPOV_stripped.cif,LOW,HIGH,5.856927233,FALSE,,,
755,NESSOV_stripped.cif,LOW,LOW,5.855760064,TRUE,,,
379,MAQBIS_stripped.cif,LOW,LOW,5.848304445,TRUE,,,
601,DOTSOV06_stripped.cif,LOW,LOW,5.846057503,TRUE,,,
228,AHOZIG_stripped.cif,LOW,HIGH,5.833741645,FALSE,,,
745,UHESIK_stripped.cif,LOW,LOW,5.822873481,TRUE,,,
626,UKAQIH_stripped.cif,LOW,LOW,5.822421068,TRUE,,,
485,RUWYIT_stripped.cif,LOW,LOW,5.820150377,TRUE,,,
226,DOTSOV32_stripped.cif,LOW,LOW,5.798873443,TRUE,,,
341,DOTSOV23_stripped.cif,LOW,LOW,5.789447861,TRUE,,,
28,DOTSOV29_stripped.cif,LOW,LOW,5.781914748,TRUE,,,
301,DOTSOV26_stripped.cif,LOW,LOW,5.779680187,TRUE,,,
621,DIRPOL_stripped.cif,LOW,LOW,5.779637828,TRUE,,,
467,RUGPAM_stripped.cif,LOW,LOW,5.766505821,TRUE,,,
576,DOTSOV24_stripped.cif,LOW,LOW,5.759781042,TRUE,,,
785,DOTSOV18_stripped.cif,LOW,LOW,5.757673715,TRUE,,,
343,DOTSOV09_stripped.cif,LOW,LOW,5.756004155,TRUE,,,
56,DOTSOV_stripped.cif,LOW,LOW,5.745965106,TRUE,,,
580,DUYPAQ_stripped.cif,LOW,LOW,5.745594578,TRUE,,,
302,DOTSOV12_stripped.cif,LOW,LOW,5.736208679,TRUE,,,
381,GALBUS_stripped.cif,LOW,LOW,5.73429945,TRUE,,,
666,PIDMEV01_stripped.cif,LOW,LOW,5.719815378,TRUE,,,
506,DOTSOV21_stripped.cif,LOW,LOW,5.70485217,TRUE,,,
111,CAXZUY_stripped.cif,LOW,LOW,5.701719272,TRUE,,,
35,DOTSOV14_stripped.cif,LOW,LOW,5.692198742,TRUE,,,
592,DOTSOV13_stripped.cif,LOW,LOW,5.661499894,TRUE,,,
720,DOHCUA_stripped.cif,LOW,HIGH,5.648828338,FALSE,,,
733,CUQRIR_stripped.cif,LOW,LOW,5.640480582,TRUE,,,
95,XALDAS_stripped.cif,LOW,LOW,5.6329502,TRUE,,,
250,HOXKUB_stripped.cif,LOW,LOW,5.625223148,TRUE,,,
599,IQOJAB_stripped.cif,LOW,LOW,5.617055722,TRUE,,,
719,ADATAC_stripped.cif,LOW,LOW,5.598628332,TRUE,,,
565,RUWYOZ_stripped.cif,LOW,LOW,5.58016671,TRUE,,,
48,GAZZIS_stripped.cif,LOW,LOW,5.554289217,TRUE,,,
216,IYOHOU_stripped.cif,LOW,LOW,5.549217455,TRUE,,,
344,KOJYUE_stripped.cif,LOW,LOW,5.546969266,TRUE,,,
553,JOVXOJ_stripped.cif,LOW,LOW,5.518560183,TRUE,,,
62,CUTFUT_stripped.cif,LOW,LOW,5.486885418,TRUE,,,
653,GAZZIS03_stripped.cif,LOW,LOW,5.42609732,TRUE,,,
540,PEJRAZ_stripped.cif,LOW,LOW,5.418079848,TRUE,,,
622,QIWRUJ_stripped.cif,LOW,LOW,5.378109442,TRUE,,,
278,HOWSAP_stripped.cif,LOW,LOW,5.377090431,TRUE,,,
495,TEWGEJ01_stripped.cif,LOW,LOW,5.373950245,TRUE,,,
73,MOVPOC_stripped.cif,LOW,LOW,5.350150813,TRUE,,,
617,PAKFEP_stripped.cif,LOW,LOW,5.319535863,TRUE,,,
462,YIHWAO_stripped.cif,LOW,LOW,5.301957839,TRUE,,,
42,TEWGEJ_stripped.cif,LOW,LOW,5.276672548,TRUE,,,
321,KAJZIH_stripped.cif,LOW,LOW,5.275480605,TRUE,,,
156,JOVXUP_stripped.cif,LOW,LOW,5.272889622,TRUE,,,
253,DOPHUN_stripped.cif,LOW,LOW,5.255693522,TRUE,,,
76,WEFXAI_stripped.cif,LOW,LOW,5.253175534,TRUE,,,
539,DINNIZ_stripped.cif,LOW,HIGH,5.249365086,FALSE,,,
641,GEDDAW_stripped.cif,LOW,HIGH,5.24478445,FALSE,,,
548,VAPVAM_stripped.cif,LOW,LOW,5.230253422,TRUE,,,
522,PEZCII_stripped.cif,LOW,HIGH,5.223825151,FALSE,,,
43,OGECOU_stripped.cif,LOW,LOW,5.221294444,TRUE,,,
83,PASJIE_stripped.cif,LOW,LOW,5.220271319,TRUE,,,
783,CAVRAU_stripped.cif,LOW,LOW,5.218690577,TRUE,,,
518,OLUCAZ_stripped.cif,LOW,LOW,5.192924719,TRUE,,,
432,WAMREJ_stripped.cif,LOW,LOW,5.185736863,TRUE,,,
636,TEWFUY01_stripped.cif,LOW,LOW,5.172853095,TRUE,,,
309,JOFKIA_stripped.cif,LOW,LOW,5.134402997,TRUE,,,
494,TABPUK_stripped.cif,LOW,LOW,5.13310254,TRUE,,,
371,GACYAN_stripped.cif,LOW,LOW,5.109343981,TRUE,,,
401,QOQWOK_stripped.cif,LOW,LOW,5.106707645,TRUE,,,
363,TAMZUE_stripped.cif,LOW,LOW,5.099890304,TRUE,,,
97,DIXKOL_stripped.cif,LOW,LOW,5.097131155,TRUE,,,
729,AVELOD_stripped.cif,LOW,LOW,5.079198791,TRUE,,,
44,HURFUX_stripped.cif,LOW,LOW,5.067262102,TRUE,,,
123,PUFRIT_stripped.cif,LOW,LOW,5.046308857,TRUE,,,
360,ARUZEU_stripped.cif,LOW,LOW,5.046208412,TRUE,,,
207,EZUCIM_stripped.cif,LOW,LOW,5.010906836,TRUE,,,
521,BINROH_stripped.cif,LOW,LOW,5.010157278,TRUE,,,
447,XAFXOT_stripped.cif,LOW,LOW,5.003603245,TRUE,,,
479,PATWOY_stripped.cif,LOW,LOW,4.984176094,TRUE,,,
607,BOVHEB_stripped.cif,LOW,LOW,4.971166008,TRUE,,,
531,LAVTUZ_stripped.cif,LOW,LOW,4.969956727,TRUE,,,
345,AZEBUE_stripped.cif,LOW,LOW,4.956131229,TRUE,,,
575,DODMIT_stripped.cif,LOW,LOW,4.944541848,TRUE,,,
311,CASTEY_stripped.cif,LOW,LOW,4.944184584,TRUE,,,
347,EQOXIT_stripped.cif,LOW,LOW,4.929421484,TRUE,,,
512,EQUBUO_stripped.cif,LOW,LOW,4.926578916,TRUE,,,
400,SADLIU_stripped.cif,LOW,LOW,4.921748506,TRUE,,,
54,EMITUQ01_stripped.cif,LOW,LOW,4.894738158,TRUE,,,
560,JUYROM_stripped.cif,LOW,LOW,4.883234078,TRUE,,,
493,VUNYAF_stripped.cif,LOW,LOW,4.88307069,TRUE,,,
739,TAMJEY_stripped.cif,LOW,LOW,4.877268631,TRUE,,,
658,YINSIZ_stripped.cif,LOW,LOW,4.874440071,TRUE,,,
75,XUGTIC_stripped.cif,LOW,LOW,4.847776918,TRUE,,,
409,QOPTUM_stripped.cif,LOW,LOW,4.846884974,TRUE,,,
130,OWABUK_stripped.cif,LOW,LOW,4.842252275,TRUE,,,
58,CAQPUI_stripped.cif,LOW,LOW,4.829782884,TRUE,,,
704,TAYRET_stripped.cif,LOW,LOW,4.828346444,TRUE,,,
204,ROHKAC_stripped.cif,LOW,LOW,4.80502315,TRUE,,,
718,UWAFOO_stripped.cif,LOW,LOW,4.804603937,TRUE,,,
40,XUGSOH_stripped.cif,LOW,LOW,4.798420549,TRUE,,,
685,DUNYIW_stripped.cif,LOW,LOW,4.769605358,TRUE,,,
25,TAYJEL_stripped.cif,LOW,LOW,4.758841717,TRUE,,,
65,BASJEL_stripped.cif,LOW,LOW,4.758836657,TRUE,,,
13,HAHCUR_stripped.cif,LOW,LOW,4.747792689,TRUE,,,
283,ALIXUP_stripped.cif,LOW,LOW,4.730608277,TRUE,,,
634,KASLUO_stripped.cif,LOW,LOW,4.722669206,TRUE,,,
227,PAPMAX_stripped.cif,LOW,LOW,4.711284117,TRUE,,,
452,YOTHEW_stripped.cif,LOW,LOW,4.711158661,TRUE,,,
763,VAHJEW_stripped.cif,LOW,LOW,4.71098686,TRUE,,,
426,VUSKAW_stripped.cif,LOW,LOW,4.683692856,TRUE,,,
524,SARSUC_stripped.cif,LOW,LOW,4.667194934,TRUE,,,
121,XIGXAO_stripped.cif,LOW,LOW,4.660826489,TRUE,,,
224,LEDHEJ_stripped.cif,LOW,LOW,4.615899561,TRUE,,,
281,UWAGAB03_stripped.cif,LOW,LOW,4.613011504,TRUE,,,
351,RAZGOQ_stripped.cif,LOW,LOW,4.605460582,TRUE,,,
690,AWIBAL_stripped.cif,LOW,LOW,4.600406077,TRUE,,,
264,VEJYIT01_stripped.cif,LOW,LOW,4.587147932,TRUE,,,
102,GAHSIU_stripped.cif,LOW,LOW,4.582414891,TRUE,,,
359,QAQTEJ_stripped.cif,LOW,LOW,4.576043815,TRUE,,,
23,YODRAM_stripped.cif,LOW,LOW,4.574645505,TRUE,,,
274,AZAVUU_stripped.cif,LOW,LOW,4.524853338,TRUE,,,
180,SAWRAM_stripped.cif,LOW,LOW,4.509225385,TRUE,,,
260,YEHQEK_stripped.cif,LOW,LOW,4.476749546,TRUE,,,
69,XAKQUX_stripped.cif,LOW,LOW,4.474739162,TRUE,,,
33,ACOFUU_stripped.cif,LOW,LOW,4.474685951,TRUE,,,
410,QIZLOC_stripped.cif,LOW,LOW,4.470019223,TRUE,,,
32,CABJEX_stripped.cif,LOW,LOW,4.465352617,TRUE,,,
416,BADYAJ_stripped.cif,LOW,LOW,4.463910278,TRUE,,,
538,QUVLAW_stripped.cif,LOW,LOW,4.458794108,TRUE,,,
533,TEPGUS_stripped.cif,LOW,LOW,4.447429092,TRUE,,,
64,DUHPUT01_stripped.cif,LOW,LOW,4.443225206,TRUE,,,
551,OBAHOR_stripped.cif,LOW,LOW,4.436128251,TRUE,,,
476,VAZVEA_stripped.cif,LOW,LOW,4.434348367,TRUE,,,
323,QIQTAN_stripped.cif,LOW,LOW,4.418394567,TRUE,,,
660,VUNYEJ_stripped.cif,LOW,LOW,4.406197777,TRUE,,,
157,VAMXEO01_stripped.cif,LOW,LOW,4.387448155,TRUE,,,
79,CEWDUF_stripped.cif,LOW,LOW,4.385531862,TRUE,,,
748,VEDFER_stripped.cif,LOW,LOW,4.382244255,TRUE,,,
558,SAHYOQ05_stripped.cif,LOW,LOW,4.361895722,TRUE,,,
552,EVAKOB_stripped.cif,LOW,LOW,4.35609028,TRUE,,,
509,JUWSUR_stripped.cif,LOW,LOW,4.3330454,TRUE,,,
152,EWETUW_stripped.cif,LOW,LOW,4.323875778,TRUE,,,
215,WEFXIQ_stripped.cif,LOW,LOW,4.322613032,TRUE,,,
241,MIBQAR14_stripped.cif,LOW,LOW,4.31186849,TRUE,,,
633,DECXOB_stripped.cif,LOW,LOW,4.26492101,TRUE,,,
774,MEGFIN_stripped.cif,LOW,LOW,4.249713164,TRUE,,,
319,LATFUI_stripped.cif,LOW,LOW,4.2409877,TRUE,,,
777,SAHYOQ04_stripped.cif,LOW,LOW,4.217164561,TRUE,,,
337,KANMIX_stripped.cif,LOW,LOW,4.21560349,TRUE,,,
235,MIBQAR17_stripped.cif,LOW,LOW,4.213697969,TRUE,,,
107,XAFFAN_stripped.cif,LOW,LOW,4.211510696,TRUE,,,
314,NAFSOF_stripped.cif,LOW,LOW,4.207116327,TRUE,,,
587,MIBQAR08_stripped.cif,LOW,LOW,4.204515015,TRUE,,,
761,WAGYUA_stripped.cif,LOW,LOW,4.200790865,TRUE,,,
541,IZESAJ_stripped.cif,LOW,LOW,4.189001858,TRUE,,,
683,FONPUV_stripped.cif,LOW,LOW,4.182471274,TRUE,,,
722,MUBXUD_stripped.cif,LOW,LOW,4.174936504,TRUE,,,
526,BOKXOP_stripped.cif,LOW,LOW,4.168837233,TRUE,,,
197,NUVYEK_stripped.cif,LOW,LOW,4.168195628,TRUE,,,
244,XAKQOR_stripped.cif,LOW,LOW,4.147182624,TRUE,,,
399,VAGMOH_stripped.cif,LOW,LOW,4.13856418,TRUE,,,
625,MIBQAR09_stripped.cif,LOW,LOW,4.138153235,TRUE,,,
362,AXIPEE_stripped.cif,LOW,LOW,4.132085651,TRUE,,,
775,MIBQAR_stripped.cif,LOW,LOW,4.131885856,TRUE,,,
663,CECVOX_stripped.cif,LOW,LOW,4.124426698,TRUE,,,
182,MIBQAR16_stripped.cif,LOW,LOW,4.120146055,TRUE,,,
664,MIBQAR02_stripped.cif,LOW,LOW,4.113344669,TRUE,,,
61,EBOCIK_stripped.cif,LOW,LOW,4.102335584,TRUE,,,
490,XAKZOZ_stripped.cif,LOW,LOW,4.097923319,TRUE,,,
71,FUNLAD_stripped.cif,LOW,LOW,4.092335394,TRUE,,,
671,LAYFUO_stripped.cif,LOW,LOW,4.085707916,TRUE,,,
468,JEDQOY_stripped.cif,LOW,LOW,4.076765211,TRUE,,,
484,METPEG_stripped.cif,LOW,LOW,4.048066326,TRUE,,,
288,AXIPEE02_stripped.cif,LOW,LOW,4.041230404,TRUE,,,
747,LURRIA_stripped.cif,LOW,LOW,4.033457419,TRUE,,,
11,WENDIE_stripped.cif,LOW,LOW,4.033335184,TRUE,,,
304,POHCOG01_stripped.cif,LOW,LOW,4.029100651,TRUE,,,
696,USUBUG_stripped.cif,LOW,LOW,4.027085822,TRUE,,,
195,FAHPOV_stripped.cif,LOW,LOW,4.01736431,TRUE,,,
483,XAKZEP_stripped.cif,LOW,LOW,4.013624567,TRUE,,,
159,METPIK_stripped.cif,LOW,LOW,4.009318344,TRUE,,,
753,PUGSIV_stripped.cif,LOW,LOW,4.001523603,TRUE,,,
760,UWAGAB02_stripped.cif,LOW,LOW,3.999531329,TRUE,,,
604,CABJOH_stripped.cif,LOW,LOW,3.993864912,TRUE,,,
178,GAGSAL_stripped.cif,LOW,LOW,3.99342409,TRUE,,,
340,JEDQIS_stripped.cif,LOW,LOW,3.974844081,TRUE,,,
778,SAHYOQ03_stripped.cif,LOW,LOW,3.96761041,TRUE,,,
767,XUDNUH_stripped.cif,LOW,LOW,3.964149328,TRUE,,,
703,QEHMUO_stripped.cif,LOW,LOW,3.964143627,TRUE,,,
707,GUYLOC_stripped.cif,LOW,LOW,3.963694902,TRUE,,,
581,AMILOY_stripped.cif,LOW,LOW,3.958571625,TRUE,,,
34,MIBQAR01_stripped.cif,LOW,LOW,3.951285568,TRUE,,,
655,EXEWAG_stripped.cif,LOW,LOW,3.931251231,TRUE,,,
723,YOPSUS_stripped.cif,LOW,LOW,3.922370944,TRUE,,,
456,XETGAG_stripped.cif,LOW,LOW,3.922261746,TRUE,,,
751,ZOHCEG_stripped.cif,LOW,LOW,3.920370778,TRUE,,,
473,PUGSOB_stripped.cif,LOW,LOW,3.91974295,TRUE,,,
183,AFITIT_stripped.cif,LOW,LOW,3.911186659,TRUE,,,
556,PORVUO_stripped.cif,LOW,LOW,3.909223387,TRUE,,,
119,HAFWAO_stripped.cif,LOW,LOW,3.908886595,TRUE,,,
222,WANSIO_stripped.cif,LOW,LOW,3.885613201,TRUE,,,
280,FAVGOB_stripped.cif,LOW,LOW,3.86985452,TRUE,,,
98,YATLEN_stripped.cif,LOW,LOW,3.865445735,TRUE,,,
430,EBOBIJ_stripped.cif,LOW,LOW,3.858315319,TRUE,,,
475,RAYKEJ_stripped.cif,LOW,LOW,3.847433576,TRUE,,,
458,QAGWOM_stripped.cif,LOW,LOW,3.841155114,TRUE,,,
236,FAVGUH_stripped.cif,LOW,LOW,3.832375098,TRUE,,,
27,MARXEK_stripped.cif,LOW,LOW,3.819536634,TRUE,,,
37,LODPOL_stripped.cif,LOW,LOW,3.815470122,TRUE,,,
487,BAXQAU_stripped.cif,LOW,LOW,3.808531231,TRUE,,,
336,UKUCAF_stripped.cif,LOW,LOW,3.775846608,TRUE,,,
679,PIZREX_stripped.cif,LOW,LOW,3.774143176,TRUE,,,
433,OGEBAF_stripped.cif,LOW,LOW,3.767081629,TRUE,,,
188,TENLIJ_stripped.cif,LOW,LOW,3.764058524,TRUE,,,
471,JAYDEV_stripped.cif,LOW,LOW,3.759412714,TRUE,,,
257,ULISOZ_stripped.cif,LOW,LOW,3.757965854,TRUE,,,
750,RAYKIN_stripped.cif,LOW,LOW,3.755559486,TRUE,,,
184,HEDCIE_stripped.cif,LOW,LOW,3.743581172,TRUE,,,
67,DOYWIZ_stripped.cif,LOW,LOW,3.742281282,TRUE,,,
397,WEHREH_stripped.cif,LOW,LOW,3.710006177,TRUE,,,
535,GEFZAU_stripped.cif,LOW,LOW,3.687139896,TRUE,,,
725,FIPWUY_stripped.cif,LOW,LOW,3.668308046,TRUE,,,
245,XALBIW_stripped.cif,LOW,LOW,3.660467791,TRUE,,,
153,FAVHES_stripped.cif,LOW,LOW,3.657063787,TRUE,,,
45,XALCAP_stripped.cif,LOW,LOW,3.606335347,TRUE,,,
232,EYOQAL_stripped.cif,LOW,LOW,3.599871137,TRUE,,,
90,ZEYCOX_stripped.cif,LOW,LOW,3.596635133,TRUE,,,
166,DOKDEN_stripped.cif,LOW,LOW,3.588727176,TRUE,,,
29,VEFTOR_stripped.cif,LOW,LOW,3.581091973,TRUE,,,
396,VEGPII_stripped.cif,LOW,LOW,3.568045314,TRUE,,,
307,NEBNOZ_stripped.cif,LOW,LOW,3.56632352,TRUE,,,
229,AHAYOZ_stripped.cif,LOW,LOW,3.549349983,TRUE,,,
142,OGEBAF01_stripped.cif,LOW,LOW,3.541663823,TRUE,,,
313,BUSNOU_stripped.cif,LOW,LOW,3.528938341,TRUE,,,
764,TEQTEQ_stripped.cif,LOW,LOW,3.506056422,TRUE,,,
24,RAYLOU_stripped.cif,LOW,LOW,3.470353621,TRUE,,,
239,XALDOE_stripped.cif,LOW,LOW,3.464798686,TRUE,,,
757,OQIQUB_stripped.cif,LOW,LOW,3.463412145,TRUE,,,
630,GEPDAI_stripped.cif,LOW,LOW,3.455049453,TRUE,,,
105,YUTCAT_stripped.cif,LOW,LOW,3.453387487,TRUE,,,
716,XALCET_stripped.cif,LOW,LOW,3.452122891,TRUE,,,
464,XEDPED_stripped.cif,LOW,LOW,3.446119601,TRUE,,,
515,DUHPUT_stripped.cif,LOW,LOW,3.433752107,TRUE,,,
773,VADZOQ_stripped.cif,LOW,LOW,3.431885958,TRUE,,,
78,ILIMUN_stripped.cif,LOW,LOW,3.425717926,TRUE,,,
662,CITNOK_stripped.cif,LOW,LOW,3.402638095,TRUE,,,
49,REVQAK_stripped.cif,LOW,LOW,3.401033304,TRUE,,,
136,NAHFIO_stripped.cif,LOW,LOW,3.39965824,TRUE,,,
405,ARAJOU_stripped.cif,LOW,LOW,3.390577119,TRUE,,,
588,XEXMEU_stripped.cif,LOW,LOW,3.375252317,TRUE,,,
758,LUSJEP_stripped.cif,LOW,LOW,3.365754281,TRUE,,,
771,VAGMIB_stripped.cif,LOW,LOW,3.357572331,TRUE,,,
639,RACHUA01_stripped.cif,LOW,LOW,3.339717662,TRUE,,,
536,VUHJAK_stripped.cif,LOW,LOW,3.338729378,TRUE,,,
470,IROSAL_stripped.cif,LOW,LOW,3.337342627,TRUE,,,
158,OKIRIK_stripped.cif,LOW,LOW,3.29611198,TRUE,,,
638,GUJREK01_stripped.cif,LOW,LOW,3.294776357,TRUE,,,
387,REXDIJ_stripped.cif,LOW,LOW,3.287549805,TRUE,,,
443,MOXDOT_stripped.cif,LOW,LOW,3.279752483,TRUE,,,
715,UVUPUX_stripped.cif,LOW,LOW,3.277123107,TRUE,,,
134,KALGEL_stripped.cif,LOW,LOW,3.277037381,TRUE,,,
472,QARLON_stripped.cif,LOW,LOW,3.257512511,TRUE,,,
145,DEFKUU_stripped.cif,LOW,LOW,3.256043908,TRUE,,,
374,LAGDAB_stripped.cif,LOW,LOW,3.233022525,TRUE,,,
741,AMOCAH_stripped.cif,LOW,LOW,3.223831142,TRUE,,,
238,JOHFIW_stripped.cif,LOW,LOW,3.19799676,TRUE,,,
673,ESEDAJ_stripped.cif,LOW,LOW,3.188824659,TRUE,,,
312,JOXMUG_stripped.cif,LOW,LOW,3.177686106,TRUE,,,
38,FAWSII_stripped.cif,LOW,LOW,3.164996214,TRUE,,,
661,RAYLEK_stripped.cif,LOW,LOW,3.163745712,TRUE,,,
377,FUNBOG_stripped.cif,LOW,LOW,3.15184938,TRUE,,,
395,WOBHOM_stripped.cif,LOW,LOW,3.151535953,TRUE,,,
308,PEKTOQ_stripped.cif,LOW,LOW,3.139539555,TRUE,,,
520,XEGQOS_stripped.cif,LOW,LOW,3.117074017,TRUE,,,
53,IPIHUM_stripped.cif,LOW,LOW,3.103207115,TRUE,,,
84,EQOXEN_stripped.cif,LOW,LOW,3.067109526,TRUE,,,
517,UFATEA01_stripped.cif,LOW,LOW,3.054479767,TRUE,,,
355,BEPVOJ01_stripped.cif,LOW,LOW,3.043406796,TRUE,,,
406,GOVXIA_stripped.cif,LOW,LOW,3.01118689,TRUE,,,
726,CEYPUT_stripped.cif,LOW,LOW,3.008460194,TRUE,,,
189,QEDZEG_stripped.cif,LOW,LOW,3.001781135,TRUE,,,
737,FISGOF_stripped.cif,LOW,LOW,3.001659259,TRUE,,,
191,RUBGOM_stripped.cif,LOW,LOW,2.988915505,TRUE,,,
502,QAGWIG_stripped.cif,LOW,LOW,2.968988543,TRUE,,,
271,OPAWOT_stripped.cif,LOW,LOW,2.965769457,TRUE,,,
645,ZUBKEO_stripped.cif,LOW,LOW,2.9648936,TRUE,,,
507,ADODUU_stripped.cif,LOW,LOW,2.950935951,TRUE,,,
647,ADODOO_stripped.cif,LOW,LOW,2.934679537,TRUE,,,
585,UJEQOQ_stripped.cif,LOW,LOW,2.929680557,TRUE,,,
300,AWEDOW_stripped.cif,LOW,LOW,2.897184369,TRUE,,,
126,MUMLIR_stripped.cif,LOW,LOW,2.862465092,TRUE,,,
734,AQUDIB_stripped.cif,LOW,LOW,2.844429112,TRUE,,,
233,LOJLAZ01_stripped.cif,LOW,LOW,2.838611725,TRUE,,,
482,OTIPUE_stripped.cif,LOW,LOW,2.827681614,TRUE,,,
372,WUDVEY_stripped.cif,LOW,LOW,2.793498477,TRUE,,,
640,NEGMIY_stripped.cif,LOW,LOW,2.78715904,TRUE,,,
151,LUSHIR_stripped.cif,LOW,LOW,2.767425321,TRUE,,,
173,ZETLER_stripped.cif,LOW,LOW,2.763518528,TRUE,,,
449,YUQQEI_stripped.cif,LOW,LOW,2.740947361,TRUE,,,
455,BIPKUI_stripped.cif,LOW,LOW,2.729777934,TRUE,,,
391,VACFUB01_stripped.cif,LOW,LOW,2.728953898,TRUE,,,
582,FITGAS_stripped.cif,LOW,LOW,2.725928892,TRUE,,,
631,PIHREF_stripped.cif,LOW,LOW,2.72485355,TRUE,,,
569,PIHQUU01_stripped.cif,LOW,LOW,2.717005901,TRUE,,,
732,DUGFAO_stripped.cif,LOW,LOW,2.714823762,TRUE,,,
103,KAXCUK_stripped.cif,LOW,LOW,2.704449459,TRUE,,,
110,AVAPIW_stripped.cif,LOW,LOW,2.699297578,TRUE,,,
481,SEQGUR_stripped.cif,LOW,LOW,2.6771983,TRUE,,,
168,EMECUV_stripped.cif,LOW,LOW,2.667221066,TRUE,,,
342,YARFII02_stripped.cif,LOW,LOW,2.662514104,TRUE,,,
310,TUWVEO_stripped.cif,LOW,LOW,2.653596253,TRUE,,,
346,KEDQAN_stripped.cif,LOW,LOW,2.643653212,TRUE,,,
717,WITPOG_stripped.cif,LOW,LOW,2.63777429,TRUE,,,
279,COQGAS_stripped.cif,LOW,LOW,2.629807006,TRUE,,,
10,NATKIF_stripped.cif,LOW,LOW,2.613603035,TRUE,,,
676,BASMUG_stripped.cif,LOW,LOW,2.61031928,TRUE,,,
364,JUJVER_stripped.cif,LOW,LOW,2.598694906,TRUE,,,
453,PURQOJ_stripped.cif,LOW,LOW,2.569430955,TRUE,,,
550,ILOJOJ_stripped.cif,LOW,LOW,2.567977428,TRUE,,,
769,JODGAM_stripped.cif,LOW,LOW,2.566597045,TRUE,,,
519,YOLKOB_stripped.cif,LOW,LOW,2.56234148,TRUE,,,
596,EWUTEW_stripped.cif,LOW,LOW,2.528180204,TRUE,,,
354,FUBZAF_stripped.cif,LOW,LOW,2.527194317,TRUE,,,
320,YOLKUH02_stripped.cif,LOW,LOW,2.517654278,TRUE,,,
670,YOLKUH01_stripped.cif,LOW,LOW,2.517529124,TRUE,,,
742,RIYBOS_stripped.cif,LOW,LOW,2.516568604,TRUE,,,
425,CIWRUW_stripped.cif,LOW,LOW,2.481904421,TRUE,,,
423,MEGXII_stripped.cif,LOW,LOW,2.473257329,TRUE,,,
383,BOQJOI_stripped.cif,LOW,LOW,2.467339489,TRUE,,,
731,IPUPIU_stripped.cif,LOW,LOW,2.463609496,TRUE,,,
252,UGORAL_stripped.cif,LOW,LOW,2.461938819,TRUE,,,
752,ADAXIO_stripped.cif,LOW,LOW,2.426050021,TRUE,,,
139,LUSHUD_stripped.cif,LOW,LOW,2.409886316,TRUE,,,
505,LIQJEC_stripped.cif,LOW,LOW,2.356455574,TRUE,,,
705,DAWCAH_stripped.cif,LOW,LOW,2.349266626,TRUE,,,
620,YUVSUE_stripped.cif,LOW,LOW,2.328612753,TRUE,,,
740,OPIZAP_stripped.cif,LOW,LOW,2.324747469,TRUE,,,
692,SOHNEJ_stripped.cif,LOW,LOW,2.298556542,TRUE,,,
414,RUYVIS_stripped.cif,LOW,LOW,2.285591539,TRUE,,,
530,HUTGUZ_stripped.cif,LOW,LOW,2.174334091,TRUE,,,
181,EZUBOR_stripped.cif,LOW,LOW,2.163224211,TRUE,,,
68,UVAPEN01_stripped.cif,LOW,LOW,2.154500382,TRUE,,,
19,PASGAU_stripped.cif,LOW,LOW,2.130397783,TRUE,,,
578,TAVCEB_stripped.cif,LOW,LOW,2.105366246,TRUE,,,
259,SABWOJ_stripped.cif,LOW,LOW,2.098235468,TRUE,,,
137,CICROX01_stripped.cif,LOW,LOW,2.089633501,TRUE,,,
14,HAYZEP_stripped.cif,LOW,LOW,2.060602112,TRUE,,,
276,NUWVIM_stripped.cif,LOW,LOW,2.057970609,TRUE,,,
66,JOGHIY_stripped.cif,LOW,LOW,2.050524152,TRUE,,,
746,FANWOI_stripped.cif,LOW,LOW,2.031300892,TRUE,,,
637,PEYSIW_stripped.cif,LOW,LOW,2.015861486,TRUE,,,
650,RONSIY_stripped.cif,LOW,LOW,1.98496079,TRUE,,,
492,ILOWAI_stripped.cif,LOW,LOW,1.958407325,TRUE,,,
115,BEPLUF_stripped.cif,LOW,LOW,1.949817637,TRUE,,,
94,WOPSAX02_stripped.cif,LOW,LOW,1.944598711,TRUE,,,
12,WOPSOL01_stripped.cif,LOW,LOW,1.911840733,TRUE,,,
480,HUTZAX01_stripped.cif,LOW,LOW,1.898919885,TRUE,,,
77,QOKCID_stripped.cif,LOW,LOW,1.857707616,TRUE,,,
93,BEPMAM_stripped.cif,LOW,LOW,1.848061766,TRUE,,,
557,REGXOS_stripped.cif,LOW,LOW,1.827986314,TRUE,,,
451,WOFTIV_stripped.cif,LOW,LOW,1.813736221,TRUE,,,
325,WEMPAF_stripped.cif,LOW,LOW,1.806760188,TRUE,,,
335,DAWBIO_stripped.cif,LOW,LOW,1.790254687,TRUE,,,
514,IYOCIK_stripped.cif,LOW,LOW,1.784433638,TRUE,,,
88,KIPKIF_stripped.cif,LOW,LOW,1.760302255,TRUE,,,
293,BEYSEF_stripped.cif,LOW,LOW,1.74171318,TRUE,,,
203,PEKTIK_stripped.cif,LOW,LOW,1.735322901,TRUE,,,
735,CAYDOX01_stripped.cif,LOW,LOW,1.726520053,TRUE,,,
461,CAYDOX_stripped.cif,LOW,LOW,1.71366539,TRUE,,,
724,DAWBOU_stripped.cif,LOW,LOW,1.706113221,TRUE,,,
611,ACAJOF_stripped.cif,LOW,LOW,1.700861869,TRUE,,,
113,BUVYEX_stripped.cif,LOW,LOW,1.684842542,TRUE,,,
457,CUPWIV_stripped.cif,LOW,LOW,1.677975736,TRUE,,,
108,WOFSUG_stripped.cif,LOW,LOW,1.676454545,TRUE,,,
298,WOFSEQ_stripped.cif,LOW,LOW,1.672833115,TRUE,,,
327,KABTIS_stripped.cif,LOW,LOW,1.665238815,TRUE,,,
651,UMIZIB_stripped.cif,LOW,LOW,1.662213801,TRUE,,,
122,LIDZOP_stripped.cif,LOW,LOW,1.656114485,TRUE,,,
187,KOJCUI_stripped.cif,LOW,LOW,1.64773803,TRUE,,,
614,CUPWOB_stripped.cif,LOW,LOW,1.634867347,TRUE,,,
316,WOLMEQ_stripped.cif,LOW,LOW,1.63115704,TRUE,,,
51,UQONOF_stripped.cif,LOW,LOW,1.596333209,TRUE,,,
749,GASROK_stripped.cif,LOW,LOW,1.555330977,TRUE,,,
1,RICZUA_stripped.cif,LOW,LOW,1.549421813,TRUE,,,
415,VOZVIR01_stripped.cif,LOW,LOW,1.524863162,TRUE,,,
534,CUPXOC_stripped.cif,LOW,LOW,1.523112566,TRUE,,,
270,EFOLEQ_stripped.cif,LOW,LOW,1.507253007,TRUE,,,
776,JASXEJ_stripped.cif,LOW,LOW,1.502011762,TRUE,,,
642,QEVLAF_stripped.cif,LOW,LOW,1.470483186,TRUE,,,
322,LOMLOO_stripped.cif,LOW,LOW,1.443100323,TRUE,,,
439,HAFPUB_stripped.cif,LOW,LOW,1.442197139,TRUE,,,
339,UZUNAF_stripped.cif,LOW,LOW,1.42832727,TRUE,,,
287,GUPDIF_stripped.cif,LOW,LOW,1.42209819,TRUE,,,
161,WOPSAX_stripped.cif,LOW,LOW,1.417108511,TRUE,,,
295,ULEGOH_stripped.cif,LOW,LOW,1.369720203,TRUE,,,
306,UVUDUM_stripped.cif,LOW,LOW,1.369026939,TRUE,,,
50,EHESUH_stripped.cif,LOW,LOW,1.364854589,TRUE,,,
285,HIKMIY_stripped.cif,LOW,LOW,1.350651589,TRUE,,,
422,LAKFIN_stripped.cif,LOW,LOW,1.338159533,TRUE,,,
385,COKMUM_stripped.cif,LOW,LOW,1.333721792,TRUE,,,
349,BUSNAF_stripped.cif,LOW,LOW,1.327897818,TRUE,,,
350,AVAKAL02_stripped.cif,LOW,LOW,1.318449793,TRUE,,,
116,SUWCIY_stripped.cif,LOW,LOW,1.305156639,TRUE,,,
382,NUZCER_stripped.cif,LOW,LOW,1.247126917,TRUE,,,
209,GAXQIH_stripped.cif,LOW,LOW,1.246664552,TRUE,,,
366,VAVKEK_stripped.cif,LOW,LOW,1.200277774,TRUE,,,
376,CEJBEA_stripped.cif,LOW,LOW,1.189740636,TRUE,,,
411,ILIMOH_stripped.cif,LOW,LOW,1.185894746,TRUE,,,
167,CUMJEB_stripped.cif,LOW,LOW,1.177894796,TRUE,,,
140,DAMZOJ_stripped.cif,LOW,LOW,1.162756656,TRUE,,,
602,OHOFIA_stripped.cif,LOW,LOW,1.147420168,TRUE,,,
305,TAGSOL01_stripped.cif,LOW,LOW,1.124000901,TRUE,,,
598,CAFTAF_stripped.cif,LOW,LOW,1.100288331,TRUE,,,
695,VEHPUU_stripped.cif,LOW,LOW,1.097941811,TRUE,,,
131,NIMJUP_stripped.cif,LOW,LOW,1.095646666,TRUE,,,
424,NEHRUQ_stripped.cif,LOW,LOW,1.092710498,TRUE,,,
247,MABKIK01_stripped.cif,LOW,LOW,1.076157868,TRUE,,,
684,HIHJUF_stripped.cif,LOW,LOW,1.052487734,TRUE,,,
36,EMOGAQ_stripped.cif,LOW,LOW,1.046967456,TRUE,,,
170,IWELOM_stripped.cif,LOW,LOW,1.021337559,TRUE,,,
86,KOSMAI_stripped.cif,LOW,LOW,1.015173398,TRUE,,,
435,JOYKUF_stripped.cif,LOW,LOW,1.010025964,TRUE,,,
154,KOPZIA01_stripped.cif,LOW,LOW,0.962477331,TRUE,,,
407,DAMZEZ_stripped.cif,LOW,LOW,0.954345143,TRUE,,,
231,XAKCUK_stripped.cif,LOW,LOW,0.929454337,TRUE,,,
460,KOSKUA_stripped.cif,LOW,LOW,0.895668954,TRUE,,,
177,BUVXOG01_stripped.cif,LOW,LOW,0.888302552,TRUE,,,
333,IBUVUX_stripped.cif,LOW,LOW,0.883889114,TRUE,,,
711,JATVOS_stripped.cif,LOW,LOW,0.871796966,TRUE,,,
141,ODEQAS_stripped.cif,LOW,LOW,0.870169388,TRUE,,,
770,JUCGUL_stripped.cif,LOW,LOW,0.835428076,TRUE,,,
403,BUVXOG_stripped.cif,LOW,LOW,0.769066591,TRUE,,,
225,PIHJOH01_stripped.cif,LOW,LOW,0.750798903,TRUE,,,
367,MABKEG_stripped.cif,LOW,LOW,0.70003909,TRUE,,,
147,PIHJOH02_stripped.cif,LOW,LOW,0.664860453,TRUE,,,
150,PARMIG_stripped.cif,LOW,LOW,0.650237231,TRUE,,,
74,VULRAW_stripped.cif,LOW,LOW,0.622535838,TRUE,,,
434,TAQGOK_stripped.cif,LOW,LOW,0.619671263,TRUE,,,
445,OSIXIY_stripped.cif,LOW,LOW,0.576135172,TRUE,,,
164,OSIWOD01_stripped.cif,LOW,LOW,0.5212355,TRUE,,,
529,DEGJEG_stripped.cif,LOW,LOW,0.487436826,TRUE,,,
18,IBUYAH_stripped.cif,LOW,LOW,0.479031353,TRUE,,,
544,EHONOG_stripped.cif,LOW,LOW,0.45321107,TRUE,,,
508,URIPIV_stripped.cif,LOW,LOW,0.322674216,TRUE,,,
268,DETHEQ_stripped.cif,LOW,LOW,0.274648145,TRUE,,,
46,VIXBEK_stripped.cif,LOW,LOW,0.255241937,TRUE,,,
389,LACFOM_stripped.cif,LOW,LOW,0.249974818,TRUE,,,
568,DEYCAN_stripped.cif,LOW,LOW,0.220072861,TRUE,,,
87,MUHKIJ_stripped.cif,LOW,LOW,0.204491573,TRUE,,,
219,COKPID_stripped.cif,LOW,LOW,0.180442831,TRUE,,,
21,OZUKUR_stripped.cif,LOW,LOW,0.052239333,TRUE,,,
