,MOF,TSN Class,TSN Class Prediction
0,ABUWOJ_stripped.cif,HIGH,HIGH
1,AFIPAH_stripped.cif,HIGH,HIGH
2,AHAYIT_stripped.cif,LOW,LOW
3,AKAYAN_stripped.cif,LOW,LOW
4,AKUKUO_stripped.cif,LOW,LOW
5,ALUKOI_stripped.cif,HIGH,HIGH
6,AMILUE_stripped.cif,LOW,LOW
7,AMOCAH_stripped.cif,LOW,LOW
8,ANUGIA_stripped.cif,HIGH,HIGH
9,APAZIC_stripped.cif,HIGH,HIGH
10,AVAKEP02_stripped.cif,LOW,LOW
11,AVEQID_stripped.cif,HIGH,HIGH
12,AWEDOW_stripped.cif,LOW,LOW
13,AZIXUD_stripped.cif,HIGH,HIGH
14,BEGZEU_stripped.cif,LOW,LOW
15,BELTUJ_stripped.cif,HIGH,HIGH
16,BEPMEQ_stripped.cif,LOW,LOW
17,BOKQEZ_stripped.cif,HIGH,HIGH
18,BUGSOM_stripped.cif,HIGH,HIGH
19,BUKMUQ_stripped.cif,HIGH,HIGH
20,CAXTOM_stripped.cif,HIGH,HIGH
21,CAYDIR_stripped.cif,LOW,LOW
22,CAYDOX02_stripped.cif,LOW,LOW
23,CAYDOX03_stripped.cif,LOW,LOW
24,CEYPUT_stripped.cif,LOW,LOW
25,CEYYEL_stripped.cif,HIGH,HIGH
26,CIFGAB_stripped.cif,HIGH,HIGH
27,CIKJOX_stripped.cif,HIGH,HIGH
28,CIWRUW_stripped.cif,LOW,LOW
29,CIXCAO_stripped.cif,LOW,LOW
30,CONKIB_stripped.cif,HIGH,HIGH
31,COWMOR_stripped.cif,HIGH,HIGH
32,CUDZAE_stripped.cif,LOW,LOW
33,CUGDIT_stripped.cif,LOW,LOW
34,CUPWOB_stripped.cif,LOW,LOW
35,CUYWUP_stripped.cif,HIGH,HIGH
36,DARQOF_stripped.cif,HIGH,HIGH
37,DECYAO_stripped.cif,LOW,LOW
38,DEHYEW_stripped.cif,HIGH,HIGH
39,DINNIZ_stripped.cif,HIGH,HIGH
40,DIXGIC_stripped.cif,HIGH,HIGH
41,DOHDAH_stripped.cif,HIGH,HIGH
42,DOTSOV08_stripped.cif,HIGH,HIGH
43,DOTSOV31_stripped.cif,HIGH,HIGH
44,DOTSOV32_stripped.cif,HIGH,HIGH
45,DUGMOJ_stripped.cif,HIGH,HIGH
46,DUHPUT01_stripped.cif,LOW,LOW
47,EHESOB_stripped.cif,LOW,LOW
48,EMOGAQ_stripped.cif,LOW,LOW
49,EPAYOL_stripped.cif,LOW,LOW
50,EPEXUT_stripped.cif,LOW,LOW
51,EQOXIT_stripped.cif,LOW,HIGH
52,ETECOW_stripped.cif,LOW,LOW
53,ETEJUJ_stripped.cif,HIGH,HIGH
54,ETEKAQ_stripped.cif,HIGH,HIGH
55,EVADIQ_stripped.cif,HIGH,HIGH
56,EWEVAD_stripped.cif,HIGH,HIGH
57,EWUSUL_stripped.cif,LOW,LOW
58,EZIMIK_stripped.cif,HIGH,HIGH
59,FAVGIV_stripped.cif,LOW,LOW
60,FAVHES_stripped.cif,LOW,LOW
61,FAZPED_stripped.cif,LOW,LOW
62,FECXAO_stripped.cif,HIGH,HIGH
63,FEDBEX_stripped.cif,HIGH,HIGH
64,FELRAR_stripped.cif,HIGH,HIGH
65,FIRNOL_stripped.cif,HIGH,HIGH
66,FITGAS_stripped.cif,LOW,LOW
67,FIZQAI_stripped.cif,HIGH,HIGH
68,FUBZAF_stripped.cif,LOW,LOW
69,FUNBOG_stripped.cif,LOW,HIGH
70,FURREQ_stripped.cif,HIGH,HIGH
71,GAJZIC_stripped.cif,HIGH,HIGH
72,GAMKUD_stripped.cif,HIGH,HIGH
73,GAZZIS03_stripped.cif,HIGH,HIGH
74,GUBVUU_stripped.cif,LOW,LOW
75,GUGJEZ_stripped.cif,HIGH,HIGH
76,GUJREK_stripped.cif,LOW,LOW
77,HAFWAO_stripped.cif,LOW,LOW
78,HAHCAX_stripped.cif,HIGH,HIGH
79,HAKDUU_stripped.cif,LOW,LOW
80,HAQRID_stripped.cif,HIGH,HIGH
81,HIHGOW_stripped.cif,HIGH,HIGH
82,HOWRUI_stripped.cif,HIGH,HIGH
83,HUZXEH_stripped.cif,LOW,HIGH
84,IFUPAC_stripped.cif,HIGH,HIGH
85,IGOJAR_stripped.cif,LOW,LOW
86,ILUDAV_stripped.cif,LOW,LOW
87,IQOJAB_stripped.cif,HIGH,HIGH
88,ITITUC_stripped.cif,HIGH,HIGH
89,IVITOY_stripped.cif,LOW,LOW
90,IZEWAN_stripped.cif,HIGH,HIGH
91,JATVOS_stripped.cif,LOW,LOW
92,JEDQIS_stripped.cif,LOW,LOW
93,JOGHIY_stripped.cif,LOW,LOW
94,JOXMUG_stripped.cif,LOW,LOW
95,JUCGUL_stripped.cif,LOW,LOW
96,JUJVER_stripped.cif,LOW,LOW
97,JURYOM_stripped.cif,HIGH,HIGH
98,KALFEK_stripped.cif,HIGH,HIGH
99,KEDQAN_stripped.cif,LOW,LOW
100,KEFBOO_stripped.cif,HIGH,HIGH
101,KEQJEX_stripped.cif,HIGH,LOW
102,KIBDEF_stripped.cif,HIGH,HIGH
103,KUKZOH_stripped.cif,HIGH,HIGH
104,KULRIT_stripped.cif,HIGH,HIGH
105,KUTNIY_stripped.cif,HIGH,HIGH
106,LAYFUO_stripped.cif,LOW,LOW
107,LIDZOP_stripped.cif,LOW,LOW
108,LIHFAK_stripped.cif,LOW,LOW
109,LITCIC_stripped.cif,HIGH,HIGH
110,LOJLAZ_stripped.cif,LOW,LOW
111,LOMLOO_stripped.cif,LOW,LOW
112,LUDLED_stripped.cif,HIGH,HIGH
113,LUSHOX_stripped.cif,HIGH,HIGH
114,LUSHOX01_stripped.cif,HIGH,HIGH
115,LUWMEX_stripped.cif,HIGH,HIGH
116,MAJPOD_stripped.cif,HIGH,HIGH
117,MANDUD_stripped.cif,HIGH,HIGH
118,MAYKOO_stripped.cif,HIGH,LOW
119,MEGCOR_stripped.cif,HIGH,HIGH
120,MEGFIN_stripped.cif,LOW,LOW
121,METPEG_stripped.cif,LOW,LOW
122,MIBQAR10_stripped.cif,LOW,LOW
123,MIBQAR17_stripped.cif,LOW,LOW
124,MIDJIT_stripped.cif,HIGH,HIGH
125,MIFSUR_stripped.cif,HIGH,HIGH
126,MINVUA02_stripped.cif,LOW,LOW
127,MOCKEV_stripped.cif,HIGH,HIGH
128,MOHLIF_stripped.cif,HIGH,HIGH
129,MOYYIJ_stripped.cif,HIGH,HIGH
130,MUMLIR_stripped.cif,LOW,LOW
131,NAYXOC_stripped.cif,HIGH,HIGH
132,NIGFOZ_stripped.cif,HIGH,HIGH
133,NIMJUP_stripped.cif,LOW,LOW
134,NOMVER_stripped.cif,HIGH,HIGH
135,NUHYAS_stripped.cif,HIGH,HIGH
136,NUTQEZ_stripped.cif,HIGH,HIGH
137,NUWVIM_stripped.cif,LOW,LOW
138,OCACUR_stripped.cif,HIGH,HIGH
139,OHAGAH_stripped.cif,HIGH,HIGH
140,OQIQEM_stripped.cif,LOW,HIGH
141,OVAFOI_stripped.cif,HIGH,HIGH
142,PEKTIK_stripped.cif,LOW,LOW
143,PIFPIE_stripped.cif,LOW,LOW
144,PIZPIX02_stripped.cif,HIGH,HIGH
145,PODKOK_stripped.cif,LOW,LOW
146,POLMUZ_stripped.cif,LOW,LOW
147,PUMWEB_stripped.cif,LOW,LOW
148,QADWOK_stripped.cif,HIGH,HIGH
149,QANGOE_stripped.cif,HIGH,HIGH
150,QAQTOT_stripped.cif,HIGH,LOW
151,QARQIM_stripped.cif,LOW,LOW
152,QATDAQ_stripped.cif,HIGH,HIGH
153,QEBGAH_stripped.cif,LOW,LOW
154,QOWRAV09_stripped.cif,HIGH,HIGH
155,QUPDEL_stripped.cif,HIGH,HIGH
156,QUQBEL_stripped.cif,HIGH,LOW
157,QUSQIG_stripped.cif,LOW,LOW
158,QUXLUR_stripped.cif,LOW,LOW
159,RAYLIO_stripped.cif,LOW,LOW
160,REXDAB_stripped.cif,LOW,LOW
161,REXDIJ_stripped.cif,LOW,HIGH
162,RIXBIK_stripped.cif,LOW,LOW
163,ROFREL_stripped.cif,HIGH,HIGH
164,ROGSAI_stripped.cif,HIGH,HIGH
165,RUYQIN01_stripped.cif,HIGH,HIGH
166,RUYQIN02_stripped.cif,HIGH,HIGH
167,SABWID_stripped.cif,LOW,LOW
168,SAJDIT_stripped.cif,HIGH,HIGH
169,SAPCOE_stripped.cif,LOW,LOW
170,SARTEN_stripped.cif,LOW,LOW
171,SATNOR01_stripped.cif,HIGH,HIGH
172,SEHTAB_stripped.cif,HIGH,HIGH
173,SERKEG_stripped.cif,LOW,LOW
174,SISQIW_stripped.cif,HIGH,HIGH
175,SIXFIQ_stripped.cif,HIGH,HIGH
176,SOCLIH_stripped.cif,LOW,LOW
177,SOTWUV_stripped.cif,HIGH,HIGH
178,TABPIY_stripped.cif,HIGH,HIGH
179,TANBIV_stripped.cif,HIGH,HIGH
180,TASXIW_stripped.cif,HIGH,HIGH
181,TILHAZ_stripped.cif,LOW,HIGH
182,TITBIJ_stripped.cif,LOW,LOW
183,TORJOB_stripped.cif,HIGH,HIGH
184,TURFAP_stripped.cif,LOW,LOW
185,TUWVEO_stripped.cif,LOW,LOW
186,UBIBUF_stripped.cif,HIGH,HIGH
187,ULILEI_stripped.cif,LOW,LOW
188,UREVOE_stripped.cif,HIGH,HIGH
189,USOXEH_stripped.cif,LOW,HIGH
190,UVEVUN_stripped.cif,HIGH,HIGH
191,UVUPOR_stripped.cif,HIGH,LOW
192,UWAGAB02_stripped.cif,LOW,LOW
193,VACTIE_stripped.cif,LOW,LOW
194,VAQXUJ_stripped.cif,LOW,HIGH
195,VAZROF_stripped.cif,LOW,LOW
196,VIXPUP01_stripped.cif,HIGH,HIGH
197,VOMNES_stripped.cif,LOW,LOW
198,VOTNOJ_stripped.cif,HIGH,HIGH
199,VULRAW01_stripped.cif,LOW,LOW
200,VUSKAW_stripped.cif,LOW,LOW
201,VUSKIE_stripped.cif,LOW,LOW
202,WAHGAQ_stripped.cif,LOW,LOW
203,WAHGIY_stripped.cif,LOW,LOW
204,WECJAR_stripped.cif,LOW,LOW
205,WEGFUL_stripped.cif,LOW,LOW
206,WEMDID_stripped.cif,HIGH,HIGH
207,WIQVAV_stripped.cif,HIGH,HIGH
208,WIZDEP_stripped.cif,HIGH,HIGH
209,WOBHIF_stripped.cif,HIGH,HIGH
210,WOFSUG_stripped.cif,LOW,LOW
211,WOPSAX02_stripped.cif,LOW,LOW
212,WUCWIC_stripped.cif,LOW,LOW
213,XAFFIV_stripped.cif,LOW,LOW
214,XAGYAH_stripped.cif,HIGH,HIGH
215,XAKQOR_stripped.cif,LOW,LOW
216,XAKZEP_stripped.cif,LOW,LOW
217,XEJVOZ_stripped.cif,LOW,LOW
218,XILSAO_stripped.cif,LOW,LOW
219,XOPVII_stripped.cif,LOW,LOW
220,XOXGOH_stripped.cif,HIGH,HIGH
221,YARKEJ_stripped.cif,LOW,LOW
222,YAVWAW_stripped.cif,HIGH,HIGH
223,YEHQEK_stripped.cif,LOW,LOW
224,YEMJAC_stripped.cif,HIGH,HIGH
225,YEZFIU_stripped.cif,LOW,LOW
226,YIKTET_stripped.cif,HIGH,HIGH
227,YINSIZ01_stripped.cif,LOW,LOW
228,YOCDUR_stripped.cif,HIGH,HIGH
229,YOLKOB_stripped.cif,LOW,LOW
230,YOLKUH02_stripped.cif,LOW,LOW
231,YUKKAR_stripped.cif,LOW,LOW
232,YUTCAT_stripped.cif,LOW,LOW
233,YUZPEQ_stripped.cif,HIGH,LOW
234,ZASVEW_stripped.cif,HIGH,LOW
235,ZAVQEU_stripped.cif,HIGH,HIGH
236,ZAVQOE_stripped.cif,HIGH,HIGH
237,ZECBUH_stripped.cif,HIGH,HIGH
238,ZOPGUI_stripped.cif,HIGH,HIGH
239,ABIYIV_stripped.cif,HIGH,HIGH
240,ACIBEU_stripped.cif,HIGH,HIGH
241,ARAJOU_stripped.cif,LOW,LOW
242,AVAGIP_stripped.cif,LOW,LOW
243,AVAKAL02_stripped.cif,LOW,LOW
244,AWUNOX_stripped.cif,LOW,LOW
245,BEQFEK_stripped.cif,LOW,LOW
246,BETDIP_stripped.cif,HIGH,HIGH
247,BUQWER_stripped.cif,LOW,LOW
248,BUVWOF03_stripped.cif,LOW,LOW
249,BUVXOG01_stripped.cif,LOW,LOW
250,CAJQEL_stripped.cif,HIGH,HIGH
251,CECVOX_stripped.cif,LOW,LOW
252,CIJBEE_stripped.cif,LOW,LOW
253,CIKJUD_stripped.cif,HIGH,HIGH
254,COJLIX_stripped.cif,LOW,LOW
255,COKNUN01_stripped.cif,HIGH,HIGH
256,CUKXOW_stripped.cif,HIGH,HIGH
257,CUKXUC_stripped.cif,HIGH,HIGH
258,CUPWIV_stripped.cif,LOW,LOW
259,CUQRIR_stripped.cif,HIGH,HIGH
260,DAWKET_stripped.cif,LOW,LOW
261,DEDGIF_stripped.cif,LOW,LOW
262,DEJCEB_stripped.cif,HIGH,HIGH
263,DEPJIR02_stripped.cif,HIGH,HIGH
264,DITNUR_stripped.cif,LOW,LOW
265,DONXUB_stripped.cif,LOW,LOW
266,DOPHUN_stripped.cif,HIGH,HIGH
267,DOTSOV11_stripped.cif,HIGH,HIGH
268,DUGFAO_stripped.cif,LOW,LOW
269,DUJDAP_stripped.cif,LOW,LOW
270,EBEWOZ_stripped.cif,LOW,LOW
271,EBOBIJ_stripped.cif,LOW,LOW
272,EBOXOI_stripped.cif,HIGH,HIGH
273,EHESUH_stripped.cif,LOW,LOW
274,EJEBEB_stripped.cif,HIGH,HIGH
275,EMITUQ01_stripped.cif,LOW,LOW
276,EQUBIC_stripped.cif,HIGH,HIGH
277,ERAQIZ_stripped.cif,HIGH,HIGH
278,ERULEK_stripped.cif,HIGH,HIGH
279,ESUSOC01_stripped.cif,HIGH,HIGH
280,ESUVAR_stripped.cif,HIGH,HIGH
281,ETAXUT_stripped.cif,HIGH,HIGH
282,EWALUK_stripped.cif,LOW,HIGH
283,EWIMON_stripped.cif,HIGH,HIGH
284,EYIYES_stripped.cif,HIGH,HIGH
285,FAFROW_stripped.cif,HIGH,HIGH
286,FAQLER_stripped.cif,HIGH,HIGH
287,FAVGOB_stripped.cif,LOW,LOW
288,FEBXIV_stripped.cif,LOW,LOW
289,FIFMIS_stripped.cif,LOW,LOW
290,FIFNUE_stripped.cif,HIGH,HIGH
291,FIPWUY_stripped.cif,LOW,LOW
292,FIPXAF_stripped.cif,LOW,LOW
293,FITGEW_stripped.cif,HIGH,HIGH
294,FOMWOV_stripped.cif,LOW,LOW
295,FONPUV_stripped.cif,LOW,HIGH
296,FURRAM_stripped.cif,HIGH,HIGH
297,FUYDAG_stripped.cif,HIGH,HIGH
298,GAGSAL_stripped.cif,LOW,LOW
299,GAHSIU_stripped.cif,LOW,HIGH
300,GASSUR_stripped.cif,HIGH,LOW
301,GAZZIS02_stripped.cif,HIGH,HIGH
302,GEDSUF_stripped.cif,HIGH,HIGH
303,GUJYOB_stripped.cif,HIGH,HIGH
304,GUKZIW_stripped.cif,HIGH,HIGH
305,GURMOX_stripped.cif,HIGH,HIGH
306,HABREJ_stripped.cif,LOW,LOW
307,HAMJOW_stripped.cif,HIGH,HIGH
308,HAYZEP_stripped.cif,LOW,LOW
309,HILKIY_stripped.cif,LOW,LOW
310,HOYKUD_stripped.cif,HIGH,HIGH
311,HURGEH_stripped.cif,HIGH,HIGH
312,IFAGON_stripped.cif,HIGH,HIGH
313,IGUKIG_stripped.cif,HIGH,LOW
314,IJASAO01_stripped.cif,LOW,LOW
315,IKETUO_stripped.cif,HIGH,HIGH
316,IKUTIT_stripped.cif,HIGH,HIGH
317,IKUTUF_stripped.cif,HIGH,HIGH
318,ILOJOJ_stripped.cif,LOW,LOW
319,ILOWAI_stripped.cif,LOW,LOW
320,IMULAD_stripped.cif,LOW,LOW
321,JEJWEB_stripped.cif,LOW,LOW
322,JUGQOT_stripped.cif,HIGH,HIGH
323,JUTCIM_stripped.cif,LOW,HIGH
324,JUWWIJ_stripped.cif,HIGH,HIGH
325,KABTIS_stripped.cif,LOW,LOW
326,KABXES_stripped.cif,HIGH,HIGH
327,KAVNIH_stripped.cif,LOW,LOW
328,KEFZEC_stripped.cif,HIGH,LOW
329,KOPHOO_stripped.cif,LOW,LOW
330,KUWCEM_stripped.cif,HIGH,HIGH
331,KUWCIQ_stripped.cif,HIGH,HIGH
332,LAGCAZ_stripped.cif,LOW,LOW
333,LAGHOR_stripped.cif,LOW,LOW
334,LARPEC_stripped.cif,HIGH,HIGH
335,LAVTIN_stripped.cif,HIGH,HIGH
336,LAVTUZ_stripped.cif,LOW,HIGH
337,LEBRES_stripped.cif,HIGH,HIGH
338,LODPOL_stripped.cif,LOW,LOW
339,MEKDIQ_stripped.cif,HIGH,HIGH
340,METMUT_stripped.cif,LOW,LOW
341,MIBQAR18_stripped.cif,LOW,LOW
342,MIFTUS_stripped.cif,LOW,LOW
343,MIFVEE_stripped.cif,LOW,LOW
344,MINCUJ_stripped.cif,HIGH,HIGH
345,MOXPIZ_stripped.cif,LOW,HIGH
346,MUJZAU_stripped.cif,LOW,LOW
347,MUQSAU_stripped.cif,HIGH,HIGH
348,NAJTAW_stripped.cif,HIGH,HIGH
349,NAKREZ_stripped.cif,HIGH,HIGH
350,NEYBEZ_stripped.cif,LOW,LOW
351,NUBPIL_stripped.cif,LOW,LOW
352,NUCCAR_stripped.cif,HIGH,HIGH
353,NUCYER_stripped.cif,LOW,LOW
354,OBAHIL_stripped.cif,LOW,LOW
355,OCIYUW_stripped.cif,HIGH,HIGH
356,OFARAQ_stripped.cif,HIGH,LOW
357,OFOCUI_stripped.cif,HIGH,HIGH
358,OGEBAF_stripped.cif,LOW,LOW
359,OGEHIT_stripped.cif,HIGH,HIGH
360,OGUFAZ_stripped.cif,HIGH,HIGH
361,OJIWIO_stripped.cif,LOW,LOW
362,OKIZOZ_stripped.cif,LOW,LOW
363,ONULOA_stripped.cif,LOW,LOW
364,OPIZAP_stripped.cif,LOW,LOW
365,OQANIE_stripped.cif,LOW,HIGH
366,OREFIC_stripped.cif,LOW,LOW
367,ORIVUI_stripped.cif,HIGH,HIGH
368,OZUKUR_stripped.cif,LOW,LOW
369,PAPMAX_stripped.cif,LOW,HIGH
370,PAYZEX_stripped.cif,LOW,LOW
371,PEJRAZ_stripped.cif,HIGH,HIGH
372,PEKVEI_stripped.cif,LOW,LOW
373,PIHJOH01_stripped.cif,LOW,LOW
374,PIMJIG_stripped.cif,HIGH,HIGH
375,PIXHOV_stripped.cif,LOW,LOW
376,PUDSIR_stripped.cif,HIGH,HIGH
377,PUFQUE_stripped.cif,HIGH,HIGH
378,PUGSUH_stripped.cif,LOW,LOW
379,QADWEA_stripped.cif,HIGH,HIGH
380,QADWUQ_stripped.cif,HIGH,HIGH
381,QIVSEV_stripped.cif,LOW,LOW
382,QOFLAA_stripped.cif,HIGH,HIGH
383,QOQWOK_stripped.cif,HIGH,LOW
384,QURSEC_stripped.cif,LOW,LOW
385,QUVLAW_stripped.cif,LOW,LOW
386,QUZFUO_stripped.cif,LOW,LOW
387,RACHUA_stripped.cif,HIGH,HIGH
388,RASPAF_stripped.cif,HIGH,HIGH
389,REFKOD_stripped.cif,LOW,LOW
390,REQZEU_stripped.cif,LOW,HIGH
391,REWNEO_stripped.cif,HIGH,HIGH
392,RIRDAZ_stripped.cif,LOW,LOW
393,RITDEF_stripped.cif,LOW,LOW
394,ROYROO_stripped.cif,HIGH,HIGH
395,RUWWOW_stripped.cif,HIGH,HIGH
396,RUYTOW_stripped.cif,HIGH,HIGH
397,RUYTUC_stripped.cif,HIGH,HIGH
398,SADLEQ_stripped.cif,HIGH,HIGH
399,SADLIU_stripped.cif,LOW,HIGH
400,SIKYOB_stripped.cif,HIGH,HIGH
401,SIVGIP_stripped.cif,HIGH,LOW
402,SIVGOV_stripped.cif,HIGH,HIGH
403,SIXFIQ01_stripped.cif,HIGH,LOW
404,SOHGUS_stripped.cif,HIGH,HIGH
405,SORZAC_stripped.cif,HIGH,HIGH
406,SOTXAC_stripped.cif,HIGH,HIGH
407,SOZSIL_stripped.cif,HIGH,HIGH
408,SUWCIY_stripped.cif,LOW,LOW
409,TABPUK_stripped.cif,HIGH,HIGH
410,TABQAR_stripped.cif,HIGH,HIGH
411,TAMZUE_stripped.cif,HIGH,HIGH
412,TAYJEL_stripped.cif,LOW,HIGH
413,TENLIJ_stripped.cif,LOW,LOW
414,TIRQOB_stripped.cif,HIGH,HIGH
415,TIXKUI_stripped.cif,HIGH,HIGH
416,TOXYEM_stripped.cif,HIGH,HIGH
417,UCEXAC_stripped.cif,HIGH,HIGH
418,UCEXOQ_stripped.cif,HIGH,HIGH
419,UCOJIH_stripped.cif,LOW,LOW
420,UJEQOQ_stripped.cif,LOW,LOW
421,UKUBUY_stripped.cif,LOW,LOW
422,UKUCAF_stripped.cif,LOW,LOW
423,ULUVUT_stripped.cif,LOW,LOW
424,UMIZIB_stripped.cif,LOW,LOW
425,UNIGEE_stripped.cif,LOW,LOW
426,URUWIP_stripped.cif,HIGH,LOW
427,UVAPEN01_stripped.cif,LOW,LOW
428,UVOTOQ_stripped.cif,HIGH,HIGH
429,UXISUR_stripped.cif,HIGH,HIGH
430,VADZOQ_stripped.cif,LOW,LOW
431,VAXJOW_stripped.cif,LOW,LOW
432,VAYGAF_stripped.cif,LOW,LOW
433,VEFTOR_stripped.cif,LOW,LOW
434,VEGPII_stripped.cif,LOW,LOW
435,VEJYIT_stripped.cif,LOW,LOW
436,VEQSUF_stripped.cif,LOW,LOW
437,VIZRIH_stripped.cif,LOW,LOW
438,VUJBIM_stripped.cif,HIGH,HIGH
439,WAGYUA_stripped.cif,LOW,LOW
440,WECFAN_stripped.cif,HIGH,HIGH
441,WEHJAW_stripped.cif,HIGH,HIGH
442,WENKEH_stripped.cif,LOW,LOW
443,WITLUI_stripped.cif,HIGH,LOW
444,WOLMEQ_stripped.cif,LOW,LOW
445,WONXED_stripped.cif,HIGH,HIGH
446,WORREC_stripped.cif,HIGH,HIGH
447,WUFXAY_stripped.cif,HIGH,HIGH
448,WUSSEK_stripped.cif,LOW,LOW
449,WUTSEL_stripped.cif,LOW,LOW
450,XAFXOT_stripped.cif,HIGH,HIGH
451,XAHPED_stripped.cif,LOW,LOW
452,XALMOO_stripped.cif,HIGH,HIGH
453,XAMDUM07_stripped.cif,HIGH,HIGH
454,XAWDOR_stripped.cif,HIGH,HIGH
455,XAWVUN_stripped.cif,LOW,LOW
456,XAYMIW_stripped.cif,HIGH,HIGH
457,XETGAG_stripped.cif,LOW,LOW
458,XIGXAO_stripped.cif,LOW,LOW
459,XILTAP_stripped.cif,HIGH,HIGH
460,XINRAP_stripped.cif,HIGH,HIGH
461,XITYOP_stripped.cif,HIGH,HIGH
462,XUDYEC_stripped.cif,HIGH,HIGH
463,XUPCIU_stripped.cif,HIGH,HIGH
464,XUTQEI_stripped.cif,HIGH,HIGH
465,YARDUS_stripped.cif,LOW,HIGH
466,YEVPIZ_stripped.cif,HIGH,HIGH
467,YIHWAO_stripped.cif,HIGH,HIGH
468,YOTHEW_stripped.cif,LOW,HIGH
469,YUQQEI_stripped.cif,LOW,LOW
470,YUSWIU_stripped.cif,HIGH,HIGH
471,ZEZPUR_stripped.cif,HIGH,HIGH
472,ZEZQAY_stripped.cif,HIGH,HIGH
473,ZEZQEC_stripped.cif,HIGH,HIGH
474,ZOHCAC_stripped.cif,LOW,HIGH
475,ZOVQOS_stripped.cif,HIGH,HIGH
476,ZUVXOF_stripped.cif,HIGH,HIGH
477,ADODII_stripped.cif,LOW,LOW
478,AFITIT_stripped.cif,LOW,LOW
479,AGAWUA_stripped.cif,HIGH,HIGH
480,AHOLAM_stripped.cif,HIGH,HIGH
481,AKAYER_stripped.cif,LOW,LOW
482,AMOFAK_stripped.cif,HIGH,HIGH
483,ANUGEW_stripped.cif,LOW,LOW
484,ARUZAQ_stripped.cif,LOW,HIGH
485,ASOFUL_stripped.cif,LOW,LOW
486,AVAPIW_stripped.cif,LOW,LOW
487,AZAVUU_stripped.cif,LOW,LOW
488,BASJEL_stripped.cif,LOW,LOW
489,BAVFIP_stripped.cif,HIGH,HIGH
490,BAYREB_stripped.cif,HIGH,HIGH
491,BINRUN_stripped.cif,HIGH,HIGH
492,BODYID_stripped.cif,HIGH,HIGH
493,BUGSEC_stripped.cif,HIGH,HIGH
494,BURJOO_stripped.cif,LOW,LOW
495,BUVYEX_stripped.cif,LOW,LOW
496,BUVYIB_stripped.cif,HIGH,LOW
497,BUVYIB01_stripped.cif,HIGH,LOW
498,CARGUA_stripped.cif,HIGH,HIGH
499,CAVRAU_stripped.cif,HIGH,HIGH
500,CAXZOS_stripped.cif,HIGH,HIGH
501,CAYDEN_stripped.cif,LOW,LOW
502,CAYDOX05_stripped.cif,LOW,LOW
503,CEWDUF_stripped.cif,LOW,LOW
504,CIDWIX_stripped.cif,LOW,LOW
505,COKMUM_stripped.cif,LOW,LOW
506,COKNOH_stripped.cif,HIGH,HIGH
507,COKNOH01_stripped.cif,HIGH,HIGH
508,COWMIL_stripped.cif,HIGH,HIGH
509,CUMJEB_stripped.cif,LOW,LOW
510,DIDDOK_stripped.cif,HIGH,LOW
511,DILJAL_stripped.cif,LOW,LOW
512,DODMOZ_stripped.cif,HIGH,HIGH
513,DOTSOV09_stripped.cif,HIGH,HIGH
514,DOTSOV41_stripped.cif,HIGH,HIGH
515,DUBJUH_stripped.cif,LOW,LOW
516,EBEXAM_stripped.cif,HIGH,HIGH
517,ESEDAJ_stripped.cif,LOW,LOW
518,ETEKEU_stripped.cif,HIGH,HIGH
519,EYOQAL_stripped.cif,LOW,LOW
520,EZOFIJ_stripped.cif,HIGH,HIGH
521,FAVGUH_stripped.cif,LOW,LOW
522,FAWSII_stripped.cif,LOW,LOW
523,FESCEN_stripped.cif,LOW,LOW
524,FOCYUT_stripped.cif,LOW,LOW
525,FOFCUA_stripped.cif,LOW,LOW
526,FOKYIP_stripped.cif,HIGH,HIGH
527,FOYMAI_stripped.cif,HIGH,HIGH
528,FUSMOW_stripped.cif,HIGH,HIGH
529,FUSNEN_stripped.cif,HIGH,HIGH
530,GARTIF_stripped.cif,HIGH,HIGH
531,GECXUH_stripped.cif,HIGH,HIGH
532,GEDRUE_stripped.cif,HIGH,HIGH
533,GEFZAU_stripped.cif,LOW,LOW
534,GUKFAU_stripped.cif,HIGH,HIGH
535,GUPCEA_stripped.cif,LOW,LOW
536,GUYLOC_stripped.cif,LOW,LOW
537,GUYMAP_stripped.cif,LOW,LOW
538,HAYYOY_stripped.cif,LOW,LOW
539,HIHJUF_stripped.cif,LOW,LOW
540,HIKMIY_stripped.cif,LOW,LOW
541,HOXKUB_stripped.cif,HIGH,HIGH
542,HUDWOU_stripped.cif,HIGH,HIGH
543,HUQHUY_stripped.cif,LOW,HIGH
544,ILIMUN_stripped.cif,LOW,LOW
545,INUNEL_stripped.cif,LOW,LOW
546,IQEKOG_stripped.cif,HIGH,HIGH
547,IVEGEV_stripped.cif,LOW,LOW
548,IXAJUN_stripped.cif,HIGH,HIGH
549,IYOHOU_stripped.cif,HIGH,HIGH
550,JAPYOR_stripped.cif,HIGH,HIGH
551,JAPZAE_stripped.cif,HIGH,HIGH
552,JEJWOL_stripped.cif,HIGH,HIGH
553,JIVFUQ_stripped.cif,HIGH,LOW
554,JOQSOZ_stripped.cif,HIGH,LOW
555,JOVCEE_stripped.cif,HIGH,HIGH
556,JOVCII_stripped.cif,HIGH,HIGH
557,JOVXOJ_stripped.cif,HIGH,HIGH
558,JOVXUP_stripped.cif,HIGH,HIGH
559,KAFJUZ_stripped.cif,HIGH,HIGH
560,KANDIO_stripped.cif,HIGH,LOW
561,KIBDIJ_stripped.cif,HIGH,HIGH
562,KIKFIV_stripped.cif,HIGH,HIGH
563,KOJCUI_stripped.cif,LOW,LOW
564,KUTNOE_stripped.cif,HIGH,HIGH
565,KUTPAS_stripped.cif,HIGH,HIGH
566,LARPAY_stripped.cif,LOW,LOW
567,LEJCIO_stripped.cif,LOW,LOW
568,LEVPAF_stripped.cif,LOW,LOW
569,LIQCUK_stripped.cif,LOW,LOW
570,LITDAV_stripped.cif,HIGH,HIGH
571,LUFNAC01_stripped.cif,HIGH,HIGH
572,LUFQUZ02_stripped.cif,HIGH,HIGH
573,LUSJAL_stripped.cif,LOW,LOW
574,LUSYEF_stripped.cif,HIGH,HIGH
575,LUYHAP_stripped.cif,LOW,HIGH
576,MABLAD_stripped.cif,LOW,LOW
577,MADVUJ_stripped.cif,LOW,LOW
578,MAHCOQ_stripped.cif,HIGH,LOW
579,MAKDUZ_stripped.cif,HIGH,HIGH
580,MAQBIS_stripped.cif,HIGH,HIGH
581,METPAC_stripped.cif,HIGH,HIGH
582,MIBQAR02_stripped.cif,LOW,LOW
583,MIBQAR12_stripped.cif,LOW,LOW
584,MIBQAR14_stripped.cif,LOW,LOW
585,MIXBEC_stripped.cif,LOW,LOW
586,MOCKAR_stripped.cif,HIGH,HIGH
587,MOLQEL_stripped.cif,HIGH,HIGH
588,MUDTIP_stripped.cif,LOW,LOW
589,MUVROM_stripped.cif,LOW,LOW
590,NAJTEA_stripped.cif,HIGH,HIGH
591,NASZAK_stripped.cif,HIGH,HIGH
592,NIMPEG_stripped.cif,HIGH,HIGH
593,NUCBUK_stripped.cif,HIGH,HIGH
594,NUCYIV_stripped.cif,LOW,LOW
595,OBAHAD_stripped.cif,LOW,LOW
596,ODEPOF_stripped.cif,LOW,LOW
597,OGECOU_stripped.cif,HIGH,LOW
598,OHANAO_stripped.cif,LOW,LOW
599,OHOFIA_stripped.cif,LOW,LOW
600,OLUCAZ_stripped.cif,HIGH,LOW
601,ONIXOZ_stripped.cif,HIGH,HIGH
602,OYOSAX_stripped.cif,HIGH,HIGH
603,OYOWAC_stripped.cif,HIGH,HIGH
604,OZUKOL_stripped.cif,LOW,LOW
605,PACZUQ_stripped.cif,HIGH,HIGH
606,PASTOU_stripped.cif,HIGH,LOW
607,PEJRIH_stripped.cif,HIGH,HIGH
608,PEWDIG_stripped.cif,HIGH,HIGH
609,PIBFEM_stripped.cif,HIGH,HIGH
610,PIHREF_stripped.cif,LOW,LOW
611,PIJROR_stripped.cif,LOW,HIGH
612,PILNEF_stripped.cif,HIGH,HIGH
613,PIMJOM_stripped.cif,HIGH,HIGH
614,PODWIQ_stripped.cif,LOW,LOW
615,PUGSIV_stripped.cif,LOW,HIGH
616,PULMAM_stripped.cif,HIGH,LOW
617,PUYREH01_stripped.cif,HIGH,HIGH
618,PUZWOY_stripped.cif,HIGH,HIGH
619,QAQTEJ01_stripped.cif,LOW,HIGH
620,QAWCOI_stripped.cif,HIGH,HIGH
621,QEJBEP_stripped.cif,HIGH,HIGH
622,QETCUO_stripped.cif,HIGH,HIGH
623,QOWRAV04_stripped.cif,HIGH,HIGH
624,QOWRAV11_stripped.cif,HIGH,HIGH
625,QUDJOP_stripped.cif,HIGH,HIGH
626,RAHBUZ_stripped.cif,HIGH,HIGH
627,RAHWOP_stripped.cif,HIGH,LOW
628,RATRUB_stripped.cif,HIGH,HIGH
629,ROHKAC_stripped.cif,LOW,LOW
630,RORVAX_stripped.cif,HIGH,HIGH
631,RULDOT01_stripped.cif,LOW,LOW
632,RUWYIT_stripped.cif,HIGH,HIGH
633,RUWZUG_stripped.cif,LOW,LOW
634,RUYQIN_stripped.cif,HIGH,HIGH
635,RUYTIQ_stripped.cif,HIGH,HIGH
636,RUYVAK_stripped.cif,HIGH,HIGH
637,RUYVIS_stripped.cif,LOW,LOW
638,SADLOA_stripped.cif,HIGH,LOW
639,SAHYOQ05_stripped.cif,LOW,LOW
640,SAKCIT_stripped.cif,LOW,LOW
641,SAMKOI_stripped.cif,HIGH,HIGH
642,SAQQEH_stripped.cif,HIGH,HIGH
643,SARHAW_stripped.cif,LOW,LOW
644,SARHEA_stripped.cif,LOW,LOW
645,SEHSOO_stripped.cif,HIGH,HIGH
646,SOMJOV_stripped.cif,LOW,LOW
647,TABPEU_stripped.cif,LOW,LOW
648,TAGSOL_stripped.cif,LOW,LOW
649,TAQGOK_stripped.cif,LOW,LOW
650,TELDOF_stripped.cif,HIGH,HIGH
651,TIRRIW_stripped.cif,LOW,LOW
652,TOBKAY_stripped.cif,HIGH,HIGH
653,TUNJIX_stripped.cif,LOW,LOW
654,UFAVAZ_stripped.cif,LOW,LOW
655,UHETAD_stripped.cif,HIGH,HIGH
656,UHOMEL_stripped.cif,LOW,LOW
657,UKUQAT_stripped.cif,HIGH,HIGH
658,ULOFOR_stripped.cif,HIGH,HIGH
659,UMEKII_stripped.cif,LOW,LOW
660,UMEZUH_stripped.cif,LOW,LOW
661,UXABOL_stripped.cif,HIGH,HIGH
662,VAGMEX_stripped.cif,LOW,LOW
663,VAGMIB_stripped.cif,LOW,LOW
664,VECGOC_stripped.cif,HIGH,HIGH
665,VEDGAO_stripped.cif,LOW,LOW
666,VEGPOO_stripped.cif,HIGH,HIGH
667,VEHBOC_stripped.cif,HIGH,HIGH
668,VEHBUI_stripped.cif,HIGH,HIGH
669,VIXCUB_stripped.cif,HIGH,HIGH
670,VIXPUP02_stripped.cif,HIGH,HIGH
671,VOKMAL_stripped.cif,LOW,LOW
672,VOLQOD_stripped.cif,HIGH,HIGH
673,VONHOW_stripped.cif,HIGH,HIGH
674,VUGXOM_stripped.cif,HIGH,HIGH
675,VUHJAK_stripped.cif,LOW,LOW
676,VULKOD_stripped.cif,HIGH,LOW
677,VUNYEJ_stripped.cif,LOW,LOW
678,WALKAY_stripped.cif,LOW,LOW
679,WAMREJ_stripped.cif,HIGH,LOW
680,WEHPIJ_stripped.cif,HIGH,LOW
681,WEHQAC_stripped.cif,HIGH,HIGH
682,WEHSOT_stripped.cif,HIGH,HIGH
683,WEMFIF_stripped.cif,HIGH,HIGH
684,WENLAE_stripped.cif,LOW,LOW
685,WIPFOS_stripped.cif,LOW,LOW
686,WIRMUH_stripped.cif,HIGH,LOW
687,WOBHIF01_stripped.cif,HIGH,HIGH
688,WOFSOA_stripped.cif,LOW,LOW
689,WOVDES_stripped.cif,LOW,LOW
690,XALCET_stripped.cif,LOW,LOW
691,XALDOE_stripped.cif,LOW,HIGH
692,XAMDUM_stripped.cif,HIGH,HIGH
693,XAMDUM05_stripped.cif,HIGH,HIGH
694,XEGKEB_stripped.cif,HIGH,HIGH
695,XEKMIL_stripped.cif,HIGH,HIGH
696,XEXLIX_stripped.cif,LOW,LOW
697,XODGUU_stripped.cif,LOW,LOW
698,XUDNUH_stripped.cif,LOW,LOW
699,XUMDEQ_stripped.cif,HIGH,HIGH
700,XUNJEW_stripped.cif,LOW,LOW
701,XUVPAH_stripped.cif,LOW,LOW
702,YAQYEX_stripped.cif,HIGH,HIGH
703,YAVHOV_stripped.cif,LOW,LOW
704,YIHZEW_stripped.cif,HIGH,HIGH
705,YINSIZ_stripped.cif,LOW,LOW
706,YINSUL01_stripped.cif,LOW,LOW
707,YOZNAE_stripped.cif,LOW,HIGH
708,YUCZOM_stripped.cif,HIGH,HIGH
709,YUDFEK_stripped.cif,HIGH,HIGH
710,YUPSIM_stripped.cif,LOW,LOW
711,ZAVREV_stripped.cif,HIGH,HIGH
712,ZECCAO_stripped.cif,HIGH,HIGH
713,ZEZQIG_stripped.cif,HIGH,HIGH
714,ZUPBET_stripped.cif,HIGH,HIGH
715,ABEYEN_stripped.cif,HIGH,HIGH
716,ACOFUU_stripped.cif,LOW,HIGH
717,AFOTOF_stripped.cif,HIGH,HIGH
718,AFUPEX_stripped.cif,HIGH,HIGH
719,AGAXIP_stripped.cif,HIGH,HIGH
720,AMILOY_stripped.cif,LOW,LOW
721,APAYUN_stripped.cif,HIGH,HIGH
722,APEBEE_stripped.cif,HIGH,HIGH
723,AQUDIB_stripped.cif,LOW,LOW
724,AVIMOI_stripped.cif,HIGH,HIGH
725,AWEXUX_stripped.cif,LOW,LOW
726,AWUNUD_stripped.cif,LOW,LOW
727,AXIPEE_stripped.cif,LOW,LOW
728,AYOQEM_stripped.cif,HIGH,HIGH
729,BEPVID_stripped.cif,LOW,LOW
730,BIPKUI_stripped.cif,LOW,HIGH
731,BONMEX_stripped.cif,HIGH,HIGH
732,BOVHEB_stripped.cif,LOW,LOW
733,BUKSIL_stripped.cif,HIGH,HIGH
734,BUVXOG_stripped.cif,LOW,LOW
735,CARJEN_stripped.cif,HIGH,HIGH
736,CAXZUY_stripped.cif,HIGH,LOW
737,CAYDOX01_stripped.cif,LOW,LOW
738,CICROX01_stripped.cif,LOW,LOW
739,CIFBUQ_stripped.cif,HIGH,HIGH
740,CIKJIR_stripped.cif,HIGH,HIGH
741,CODROD_stripped.cif,HIGH,HIGH
742,COKNIB02_stripped.cif,HIGH,HIGH
743,COKNUN02_stripped.cif,HIGH,HIGH
744,COWMUX_stripped.cif,HIGH,HIGH
745,CUMDIY_stripped.cif,LOW,LOW
746,CUQRUD_stripped.cif,HIGH,HIGH
747,CUQTEP_stripped.cif,HIGH,HIGH
748,CUWZIF_stripped.cif,HIGH,HIGH
749,DAWBIO_stripped.cif,LOW,LOW
750,DAWBUA_stripped.cif,LOW,LOW
751,DECDAT_stripped.cif,HIGH,HIGH
752,DEPXAY_stripped.cif,HIGH,HIGH
753,DIXKOL_stripped.cif,HIGH,HIGH
754,DONKOI_stripped.cif,HIGH,HIGH
755,DOTSOV07_stripped.cif,HIGH,HIGH
756,DOTSOV19_stripped.cif,HIGH,HIGH
757,DOTSOV22_stripped.cif,HIGH,HIGH
758,DOTSOV29_stripped.cif,HIGH,HIGH
759,ECITIT_stripped.cif,LOW,LOW
760,EJIBOQ_stripped.cif,LOW,LOW
761,EPOTAF_stripped.cif,HIGH,HIGH
762,ETIXIQ_stripped.cif,HIGH,HIGH
763,EWUTEW_stripped.cif,LOW,LOW
764,EYOJOT_stripped.cif,HIGH,HIGH
765,EZUCIM_stripped.cif,HIGH,LOW
766,FAPVAV_stripped.cif,HIGH,HIGH
767,FAZQAA_stripped.cif,LOW,LOW
768,FIFNUE01_stripped.cif,HIGH,HIGH
769,FIPWOS_stripped.cif,LOW,LOW
770,FIZPOV_stripped.cif,HIGH,HIGH
771,FOFCOU_stripped.cif,LOW,LOW
772,FUNFOL_stripped.cif,LOW,HIGH
773,FURQOZ_stripped.cif,HIGH,HIGH
774,FUSNIR_stripped.cif,LOW,HIGH
775,FUTZOL_stripped.cif,LOW,LOW
776,GAWMOJ_stripped.cif,HIGH,HIGH
777,GAXQIH_stripped.cif,LOW,LOW
778,GAYXUC_stripped.cif,LOW,LOW
779,GEDDAW_stripped.cif,HIGH,HIGH
780,GEDSAL_stripped.cif,HIGH,HIGH
781,GEGDED_stripped.cif,HIGH,HIGH
782,GOKTEH_stripped.cif,LOW,LOW
783,GOPCAR_stripped.cif,HIGH,LOW
784,GOTNEK_stripped.cif,HIGH,HIGH
785,GOVSER_stripped.cif,HIGH,HIGH
786,GURYOJ_stripped.cif,HIGH,LOW
787,GUYLUI01_stripped.cif,LOW,LOW
788,HATGUF01_stripped.cif,HIGH,HIGH
789,HAYYUE_stripped.cif,HIGH,HIGH
790,HIQNEC_stripped.cif,HIGH,HIGH
791,HIQVUZ_stripped.cif,HIGH,HIGH
792,HOHMIB_stripped.cif,LOW,LOW
793,HUFJEZ_stripped.cif,HIGH,HIGH
794,HUTZAX01_stripped.cif,LOW,LOW
795,IJASOC_stripped.cif,HIGH,HIGH
796,ILIMOH_stripped.cif,LOW,LOW
797,INECOV_stripped.cif,HIGH,HIGH
798,IPUPIU_stripped.cif,LOW,HIGH
799,IQOHUT_stripped.cif,HIGH,HIGH
800,ISAROK_stripped.cif,LOW,LOW
801,IWELIG_stripped.cif,LOW,LOW
802,JADMEJ_stripped.cif,HIGH,LOW
803,JODYIL_stripped.cif,LOW,LOW
804,JUMLEK_stripped.cif,LOW,LOW
805,KANMIX_stripped.cif,LOW,HIGH
806,KESGAS_stripped.cif,LOW,LOW
807,KEYFIF01_stripped.cif,LOW,LOW
808,KIJRUS_stripped.cif,HIGH,HIGH
809,KIPJUQ_stripped.cif,HIGH,LOW
810,KOQREP_stripped.cif,LOW,LOW
811,KOSMAI_stripped.cif,LOW,LOW
812,KUJMEJ_stripped.cif,HIGH,HIGH
813,KUMGUW_stripped.cif,LOW,LOW
814,KURSOH_stripped.cif,LOW,LOW
815,LACFOM_stripped.cif,LOW,LOW
816,LATFOC_stripped.cif,LOW,LOW
817,LAZVOA_stripped.cif,HIGH,HIGH
818,LEBGEG_stripped.cif,HIGH,HIGH
819,LECQEQ_stripped.cif,HIGH,HIGH
820,LEDHEJ_stripped.cif,LOW,LOW
821,LOVVAV_stripped.cif,LOW,LOW
822,LUFNAC03_stripped.cif,HIGH,HIGH
823,LUSHOX04_stripped.cif,HIGH,HIGH
824,LUSJEP_stripped.cif,LOW,LOW
825,MABKEG_stripped.cif,LOW,LOW
826,MADWAQ_stripped.cif,LOW,LOW
827,MIBQAR03_stripped.cif,LOW,LOW
828,MIBQAR08_stripped.cif,LOW,LOW
829,MIBQAR13_stripped.cif,LOW,LOW
830,MOVPAO_stripped.cif,HIGH,HIGH
831,MUBREI_stripped.cif,LOW,LOW
832,MUHKIJ_stripped.cif,LOW,LOW
833,MURBEI_stripped.cif,HIGH,LOW
834,NAFWUP_stripped.cif,LOW,LOW
835,NAHNES_stripped.cif,LOW,LOW
836,NATKIF_stripped.cif,LOW,LOW
837,NEGMIY_stripped.cif,LOW,LOW
838,NENVAE_stripped.cif,LOW,LOW
839,NESSOV_stripped.cif,HIGH,LOW
840,NIMPEG01_stripped.cif,HIGH,HIGH
841,NIMWOX_stripped.cif,HIGH,HIGH
842,NIYZIG_stripped.cif,HIGH,HIGH
843,NOHFOG_stripped.cif,HIGH,HIGH
844,NUVYEK_stripped.cif,LOW,LOW
845,OBAHOR_stripped.cif,LOW,LOW
846,OBEDAA_stripped.cif,HIGH,HIGH
847,OGEBAF01_stripped.cif,LOW,LOW
848,OKUKIQ_stripped.cif,HIGH,HIGH
849,OMABEL_stripped.cif,LOW,LOW
850,OQIQUB_stripped.cif,LOW,LOW
851,OSILOS_stripped.cif,LOW,LOW
852,OTOZOO_stripped.cif,HIGH,HIGH
853,OVEFOM02_stripped.cif,LOW,LOW
854,OWEYOF_stripped.cif,LOW,LOW
855,OWITIY_stripped.cif,LOW,HIGH
856,PARMIG_stripped.cif,LOW,LOW
857,PARNON_stripped.cif,HIGH,HIGH
858,PEDBIM_stripped.cif,HIGH,HIGH
859,POSGUB_stripped.cif,HIGH,LOW
860,PUCFEZ_stripped.cif,HIGH,HIGH
861,PUFQIS_stripped.cif,HIGH,HIGH
862,PURRUQ_stripped.cif,HIGH,HIGH
863,QADXAX_stripped.cif,HIGH,HIGH
864,QALGUH_stripped.cif,LOW,LOW
865,QISNAJ_stripped.cif,HIGH,HIGH
866,QOMFEE_stripped.cif,HIGH,HIGH
867,RAYLEK_stripped.cif,LOW,LOW
868,RAYLOU_stripped.cif,LOW,LOW
869,REWNEO01_stripped.cif,HIGH,HIGH
870,RIYBOS_stripped.cif,LOW,LOW
871,RUFRIV_stripped.cif,LOW,LOW
872,RUSWUZ_stripped.cif,HIGH,HIGH
873,RUSXEK_stripped.cif,HIGH,HIGH
874,RUWYOZ_stripped.cif,HIGH,HIGH
875,SAQCIZ_stripped.cif,LOW,LOW
876,SAQQIL_stripped.cif,HIGH,HIGH
877,SATNOR02_stripped.cif,HIGH,HIGH
878,SEHXAF_stripped.cif,HIGH,HIGH
879,SENWAL_stripped.cif,HIGH,HIGH
880,SIKZAO_stripped.cif,HIGH,HIGH
881,SISPUH_stripped.cif,HIGH,HIGH
882,SIXWON_stripped.cif,HIGH,HIGH
883,SOCWIR_stripped.cif,HIGH,HIGH
884,SOKNOX_stripped.cif,HIGH,HIGH
885,SOPLAM_stripped.cif,HIGH,HIGH
886,TARWAK_stripped.cif,HIGH,LOW
887,TEBYIK_stripped.cif,LOW,LOW
888,TEWGEJ_stripped.cif,HIGH,HIGH
889,TIYZEG_stripped.cif,LOW,LOW
890,TOLHAE_stripped.cif,HIGH,HIGH
891,TONBII_stripped.cif,LOW,LOW
892,TOPKEP_stripped.cif,HIGH,HIGH
893,TORJAN_stripped.cif,HIGH,HIGH
894,TOVKEW_stripped.cif,HIGH,HIGH
895,TUTGUL_stripped.cif,HIGH,HIGH
896,UDAFOX_stripped.cif,HIGH,LOW
897,UDIREF_stripped.cif,HIGH,HIGH
898,UFANIZ_stripped.cif,LOW,LOW
899,UGORAL_stripped.cif,LOW,LOW
900,UJAQUS_stripped.cif,HIGH,HIGH
901,USUBUG_stripped.cif,LOW,HIGH
902,UVUDUM_stripped.cif,LOW,LOW
903,UWAFUU_stripped.cif,LOW,LOW
904,UWAGAB04_stripped.cif,LOW,LOW
905,UYAPOA_stripped.cif,HIGH,HIGH
906,VAGMOH_stripped.cif,LOW,HIGH
907,VALVAI_stripped.cif,LOW,HIGH
908,VAPVAM_stripped.cif,HIGH,HIGH
909,VAVBAX_stripped.cif,HIGH,HIGH
910,VEBXIK_stripped.cif,LOW,LOW
911,VEJYIT01_stripped.cif,LOW,HIGH
912,VOCXUH_stripped.cif,HIGH,HIGH
913,VUGYAZ_stripped.cif,HIGH,HIGH
914,VURYOX_stripped.cif,LOW,LOW
915,WADPAT_stripped.cif,HIGH,HIGH
916,WAQFIG_stripped.cif,HIGH,HIGH
917,WEBTOP_stripped.cif,HIGH,HIGH
918,WEHREH_stripped.cif,LOW,LOW
919,WEMDOJ_stripped.cif,HIGH,HIGH
920,WEMFAX_stripped.cif,HIGH,HIGH
921,WIQTUN_stripped.cif,HIGH,HIGH
922,WITJOA_stripped.cif,HIGH,HIGH
923,WOBHIF02_stripped.cif,HIGH,HIGH
924,WOFSIU_stripped.cif,LOW,LOW
925,WOFTER_stripped.cif,LOW,LOW
926,WOJZEC_stripped.cif,HIGH,HIGH
927,WONKEQ_stripped.cif,HIGH,LOW
928,WOYJIF_stripped.cif,HIGH,HIGH
929,WUPVEK_stripped.cif,HIGH,HIGH
930,XAFFUH_stripped.cif,LOW,LOW
931,XAKYUE_stripped.cif,LOW,LOW
932,XALBIW_stripped.cif,LOW,LOW
933,XALCAP_stripped.cif,LOW,LOW
934,XALXUF01_stripped.cif,HIGH,HIGH
935,XAMDUM06_stripped.cif,HIGH,HIGH
936,XEDPIH_stripped.cif,LOW,LOW
937,XEGQOS_stripped.cif,LOW,LOW
938,XEXMEU_stripped.cif,LOW,LOW
939,XOMCIN_stripped.cif,HIGH,HIGH
940,XUGSUN_stripped.cif,LOW,LOW
941,XUGTIC_stripped.cif,LOW,LOW
942,XUMTUV_stripped.cif,HIGH,HIGH
943,YARGEF_stripped.cif,HIGH,HIGH
944,YAVVUP_stripped.cif,HIGH,HIGH
945,YEBGOD_stripped.cif,HIGH,HIGH
946,YECTEG_stripped.cif,LOW,LOW
947,YUNXIQ_stripped.cif,LOW,HIGH
948,YUSWEQ_stripped.cif,HIGH,HIGH
949,YUZPOA_stripped.cif,HIGH,HIGH
950,ZEDVUB_stripped.cif,HIGH,HIGH
951,ZILBAZ_stripped.cif,HIGH,HIGH
952,ZIQCOT_stripped.cif,LOW,LOW
953,ADASOP_stripped.cif,HIGH,HIGH
954,ADAXIO_stripped.cif,LOW,LOW
955,ADIQEL_stripped.cif,LOW,LOW
956,AFEJOK_stripped.cif,HIGH,HIGH
957,AFITEP_stripped.cif,LOW,LOW
958,AGAWOU_stripped.cif,HIGH,HIGH
959,AHAYOZ_stripped.cif,LOW,LOW
960,AHOZIG_stripped.cif,HIGH,HIGH
961,APAZAU_stripped.cif,HIGH,HIGH
962,AQOWIN_stripped.cif,HIGH,HIGH
963,ASOGAS_stripped.cif,LOW,LOW
964,ASUWUI_stripped.cif,HIGH,HIGH
965,AVIVAC_stripped.cif,LOW,HIGH
966,AXIPEE03_stripped.cif,LOW,LOW
967,AZEBUE_stripped.cif,LOW,HIGH
968,AZUGUZ_stripped.cif,LOW,LOW
969,BAKJII_stripped.cif,HIGH,HIGH
970,BAXQAU_stripped.cif,LOW,LOW
971,BEPNUH_stripped.cif,LOW,LOW
972,BETGAK_stripped.cif,HIGH,HIGH
973,BEWRUR_stripped.cif,LOW,LOW
974,BOQJOI_stripped.cif,LOW,LOW
975,BOYBUO_stripped.cif,HIGH,HIGH
976,CABJEX_stripped.cif,LOW,LOW
977,CAQHOU_stripped.cif,HIGH,HIGH
978,CASTEY_stripped.cif,LOW,HIGH
979,CAYDOX_stripped.cif,LOW,LOW
980,CAYDOX04_stripped.cif,LOW,LOW
981,CEMKUB_stripped.cif,LOW,LOW
982,CIWZIT_stripped.cif,LOW,LOW
983,COGWUS_stripped.cif,LOW,LOW
984,COKQIE_stripped.cif,LOW,LOW
985,CORZOA_stripped.cif,HIGH,HIGH
986,CUFGIV_stripped.cif,HIGH,HIGH
987,CUVGOQ_stripped.cif,LOW,LOW
988,CUWNIT_stripped.cif,HIGH,HIGH
989,DAPHOU_stripped.cif,HIGH,HIGH
990,DAWJUI_stripped.cif,LOW,LOW
991,DODMIT_stripped.cif,LOW,HIGH
992,DOHCIO_stripped.cif,HIGH,HIGH
993,DOTSOV18_stripped.cif,HIGH,HIGH
994,DOTSOV39_stripped.cif,HIGH,HIGH
995,DUMXEQ_stripped.cif,LOW,LOW
996,DURDIF_stripped.cif,HIGH,HIGH
997,EBOCIK_stripped.cif,LOW,HIGH
998,EDEPAG_stripped.cif,HIGH,HIGH
999,EFOLEQ_stripped.cif,LOW,LOW
1000,EGOKUH_stripped.cif,LOW,LOW
1001,EJAXIW_stripped.cif,HIGH,HIGH
1002,EJOZOU_stripped.cif,LOW,LOW
1003,EKEHUZ_stripped.cif,LOW,LOW
1004,EMAMUC_stripped.cif,HIGH,HIGH
1005,ENIHUG01_stripped.cif,HIGH,HIGH
1006,EQUBOI_stripped.cif,HIGH,HIGH
1007,EVONOS_stripped.cif,LOW,LOW
1008,EZUBOR_stripped.cif,LOW,LOW
1009,FAVHIW_stripped.cif,LOW,LOW
1010,FIQCEN_stripped.cif,HIGH,HIGH
1011,FIRNUR_stripped.cif,HIGH,HIGH
1012,FOKYEL_stripped.cif,HIGH,HIGH
1013,FULQUZ_stripped.cif,HIGH,HIGH
1014,FUSNAJ_stripped.cif,HIGH,HIGH
1015,GAJZOI_stripped.cif,HIGH,HIGH
1016,GALBUS_stripped.cif,HIGH,HIGH
1017,GALCAZ_stripped.cif,LOW,LOW
1018,GASROK_stripped.cif,LOW,LOW
1019,GAZZIS01_stripped.cif,HIGH,HIGH
1020,GEBPEK_stripped.cif,HIGH,LOW
1021,GECXUH01_stripped.cif,HIGH,HIGH
1022,GEHXUP_stripped.cif,LOW,LOW
1023,GOSKEG_stripped.cif,HIGH,HIGH
1024,GOVXIA_stripped.cif,LOW,LOW
1025,GUDJOG_stripped.cif,HIGH,HIGH
1026,GUHPAC_stripped.cif,HIGH,HIGH
1027,GUPDIF_stripped.cif,LOW,LOW
1028,GUYLUI_stripped.cif,LOW,LOW
1029,HACNIL_stripped.cif,LOW,LOW
1030,HEWFAR_stripped.cif,HIGH,HIGH
1031,HEXVEM_stripped.cif,LOW,LOW
1032,HIQNOM_stripped.cif,LOW,HIGH
1033,HIYGIH_stripped.cif,HIGH,HIGH
1034,HOWSAP_stripped.cif,HIGH,HIGH
1035,HUFHOH_stripped.cif,HIGH,HIGH
1036,HUSJUC_stripped.cif,LOW,LOW
1037,ICAMEG_stripped.cif,HIGH,HIGH
1038,ILUCIC_stripped.cif,LOW,LOW
1039,IPUPOA_stripped.cif,LOW,LOW
1040,IWELIG01_stripped.cif,LOW,LOW
1041,JISVEN_stripped.cif,HIGH,HIGH
1042,JOHFIW_stripped.cif,LOW,LOW
1043,JUFBOD_stripped.cif,LOW,LOW
1044,JUWSUR_stripped.cif,LOW,HIGH
1045,KACZOG_stripped.cif,LOW,LOW
1046,KAJZIH_stripped.cif,HIGH,LOW
1047,KANCIN_stripped.cif,LOW,LOW
1048,KEDPUG_stripped.cif,LOW,LOW
1049,KEVLAA_stripped.cif,LOW,LOW
1050,KIPKIF_stripped.cif,LOW,LOW
1051,KOJYUE_stripped.cif,HIGH,HIGH
1052,KOSLUB_stripped.cif,HIGH,HIGH
1053,LAGDAB_stripped.cif,LOW,LOW
1054,LAVTAF_stripped.cif,HIGH,HIGH
1055,LAVTEJ01_stripped.cif,LOW,LOW
1056,LAYFOI_stripped.cif,LOW,LOW
1057,LIWPUE_stripped.cif,LOW,LOW
1058,LURRIA_stripped.cif,LOW,LOW
1059,MAQBAK_stripped.cif,HIGH,HIGH
1060,MASQED_stripped.cif,LOW,LOW
1061,METNUU_stripped.cif,LOW,LOW
1062,MIBQAR_stripped.cif,LOW,LOW
1063,MIBQAR01_stripped.cif,LOW,LOW
1064,MIBQAR09_stripped.cif,LOW,LOW
1065,MIFTIG_stripped.cif,HIGH,HIGH
1066,MIJSEF_stripped.cif,LOW,LOW
1067,MINCIX_stripped.cif,HIGH,HIGH
1068,MIPNIK_stripped.cif,LOW,LOW
1069,MITGOL_stripped.cif,HIGH,HIGH
1070,MOPFOO_stripped.cif,HIGH,HIGH
1071,MUBXUD_stripped.cif,LOW,LOW
1072,MURTUO_stripped.cif,LOW,LOW
1073,NAFSOF_stripped.cif,LOW,LOW
1074,NAGQET_stripped.cif,LOW,LOW
1075,NAHFIO_stripped.cif,LOW,LOW
1076,NAKLIW_stripped.cif,HIGH,HIGH
1077,NARTIL_stripped.cif,HIGH,LOW
1078,NEBYOK_stripped.cif,HIGH,HIGH
1079,NEHRUQ_stripped.cif,LOW,LOW
1080,NIBJAK_stripped.cif,LOW,LOW
1081,NIGFUF_stripped.cif,HIGH,HIGH
1082,NIGGAM_stripped.cif,HIGH,HIGH
1083,NOBVOR_stripped.cif,LOW,LOW
1084,NOFQEG_stripped.cif,LOW,LOW
1085,NOLXIX_stripped.cif,LOW,LOW
1086,NUHQUE_stripped.cif,HIGH,HIGH
1087,NULHEJ_stripped.cif,HIGH,HIGH
1088,OBAHEH_stripped.cif,LOW,LOW
1089,ODILIW_stripped.cif,LOW,HIGH
1090,OGODOD_stripped.cif,HIGH,HIGH
1091,OHAGEL_stripped.cif,LOW,LOW
1092,OPAWOT_stripped.cif,LOW,LOW
1093,OTAWIR_stripped.cif,HIGH,HIGH
1094,OXEVOE_stripped.cif,LOW,LOW
1095,OXICEF_stripped.cif,LOW,LOW
1096,PACHUZ_stripped.cif,LOW,LOW
1097,PAPRUU_stripped.cif,LOW,LOW
1098,PASJIE_stripped.cif,HIGH,HIGH
1099,PEBXIF_stripped.cif,LOW,LOW
1100,PEZCII_stripped.cif,HIGH,HIGH
1101,PIDMEV01_stripped.cif,HIGH,HIGH
1102,PUFRIT_stripped.cif,HIGH,LOW
1103,PUJJEL_stripped.cif,LOW,HIGH
1104,PUZLOM_stripped.cif,LOW,LOW
1105,QADWIE_stripped.cif,HIGH,HIGH
1106,QATVUF_stripped.cif,LOW,LOW
1107,QOWRAV06_stripped.cif,HIGH,HIGH
1108,RAJMIA_stripped.cif,HIGH,HIGH
1109,RAYDAX_stripped.cif,HIGH,HIGH
1110,RAYLAG_stripped.cif,LOW,LOW
1111,REDYIK_stripped.cif,LOW,LOW
1112,REGREC_stripped.cif,HIGH,HIGH
1113,REGXOS_stripped.cif,LOW,LOW
1114,REHVEH_stripped.cif,LOW,LOW
1115,RELLAW_stripped.cif,HIGH,HIGH
1116,REXCOO_stripped.cif,LOW,LOW
1117,RIKFEY_stripped.cif,LOW,LOW
1118,RIPRUF_stripped.cif,HIGH,HIGH
1119,RUBBOH_stripped.cif,HIGH,HIGH
1120,RUWWOW01_stripped.cif,HIGH,HIGH
1121,RUWXAJ_stripped.cif,HIGH,HIGH
1122,RUWZIU_stripped.cif,LOW,LOW
1123,RUWZOA_stripped.cif,LOW,LOW
1124,RUXBET_stripped.cif,HIGH,HIGH
1125,SAHYOQ02_stripped.cif,LOW,LOW
1126,SARGOJ_stripped.cif,LOW,LOW
1127,SARNOQ_stripped.cif,LOW,LOW
1128,SARTAJ_stripped.cif,LOW,LOW
1129,SATNOR_stripped.cif,HIGH,HIGH
1130,SOHNEJ_stripped.cif,LOW,LOW
1131,SOKNEN_stripped.cif,HIGH,HIGH
1132,SOKNIR_stripped.cif,HIGH,HIGH
1133,SOWCOY01_stripped.cif,HIGH,HIGH
1134,TAGQUQ_stripped.cif,LOW,LOW
1135,TAGSOL01_stripped.cif,LOW,LOW
1136,TARVOX_stripped.cif,HIGH,HIGH
1137,TEMPEI_stripped.cif,LOW,LOW
1138,TIGDOD_stripped.cif,LOW,HIGH
1139,UHETEH_stripped.cif,HIGH,HIGH
1140,UKAQAZ_stripped.cif,HIGH,HIGH
1141,UKEHOJ_stripped.cif,LOW,LOW
1142,URUWAH_stripped.cif,HIGH,HIGH
1143,UVAPEN_stripped.cif,LOW,LOW
1144,UWAFOO_stripped.cif,LOW,LOW
1145,UWUTIQ_stripped.cif,HIGH,HIGH
1146,UZOBOB_stripped.cif,LOW,LOW
1147,UZUNAF_stripped.cif,LOW,LOW
1148,VAGMAT_stripped.cif,LOW,LOW
1149,VALFUL_stripped.cif,LOW,LOW
1150,VAMPOR_stripped.cif,HIGH,HIGH
1151,VAZVEA_stripped.cif,LOW,HIGH
1152,VEDFOB_stripped.cif,LOW,LOW
1153,VEDYAF_stripped.cif,LOW,HIGH
1154,VEGGOG_stripped.cif,LOW,LOW
1155,VEHJID01_stripped.cif,HIGH,HIGH
1156,VIYKEV_stripped.cif,HIGH,HIGH
1157,VUGYED_stripped.cif,HIGH,HIGH
1158,VUGYIH_stripped.cif,HIGH,LOW
1159,VUJBEI_stripped.cif,HIGH,HIGH
1160,VUKTAY_stripped.cif,LOW,HIGH
1161,VULRAW_stripped.cif,LOW,LOW
1162,WANJOL_stripped.cif,HIGH,HIGH
1163,WEMCAU_stripped.cif,HIGH,HIGH
1164,WENKOR_stripped.cif,LOW,LOW
1165,WIJXEU_stripped.cif,HIGH,HIGH
1166,WOJZOM_stripped.cif,HIGH,HIGH
1167,WOQTUT_stripped.cif,HIGH,HIGH
1168,WOWNED_stripped.cif,LOW,LOW
1169,XAFBAJ_stripped.cif,HIGH,HIGH
1170,XAKCUK_stripped.cif,LOW,LOW
1171,XALDAS_stripped.cif,HIGH,HIGH
1172,XEGRAF_stripped.cif,LOW,LOW
1173,XILLIP_stripped.cif,HIGH,HIGH
1174,XOTWUZ_stripped.cif,HIGH,HIGH
1175,XOZYER_stripped.cif,HIGH,HIGH
1176,YANMUY_stripped.cif,HIGH,HIGH
1177,YATLEN_stripped.cif,LOW,LOW
1178,YEJMEG_stripped.cif,HIGH,HIGH
1179,YOPSUS_stripped.cif,LOW,LOW
1180,YOYBUL_stripped.cif,HIGH,HIGH
1181,YOZYOD_stripped.cif,HIGH,HIGH
1182,ZAZBUZ_stripped.cif,HIGH,HIGH
1183,ZEBBIU_stripped.cif,HIGH,LOW
1184,ZEFDIA_stripped.cif,HIGH,HIGH
1185,ZETLER_stripped.cif,LOW,LOW
1186,ZIKJOU_stripped.cif,HIGH,HIGH
1187,ZIVFIV_stripped.cif,LOW,LOW
1188,ZOHCEG_stripped.cif,LOW,LOW
1189,ZUNZIT_stripped.cif,HIGH,HIGH
1190,ZUQMAB_stripped.cif,LOW,LOW
1191,ADATAC_stripped.cif,HIGH,LOW
1192,AGAXEL_stripped.cif,HIGH,HIGH
1193,AHEBAS_stripped.cif,HIGH,HIGH
1194,AKAYIV_stripped.cif,LOW,LOW
1195,ALONOE_stripped.cif,LOW,LOW
1196,ALUKIC_stripped.cif,HIGH,HIGH
1197,ALUKUO_stripped.cif,HIGH,HIGH
1198,ANUGOG_stripped.cif,HIGH,HIGH
1199,APAZEY_stripped.cif,HIGH,HIGH
1200,APAZOI_stripped.cif,HIGH,HIGH
1201,AQATER_stripped.cif,LOW,LOW
1202,ARUZEU_stripped.cif,HIGH,LOW
1203,ATEXUU_stripped.cif,HIGH,HIGH
1204,AVIHOE_stripped.cif,HIGH,HIGH
1205,BASMUG_stripped.cif,LOW,LOW
1206,BAYQOK_stripped.cif,LOW,LOW
1207,BEPVEZ_stripped.cif,LOW,LOW
1208,BIJGUY_stripped.cif,LOW,LOW
1209,BINROH_stripped.cif,HIGH,LOW
1210,BUGSAY_stripped.cif,HIGH,HIGH
1211,BUGSIG_stripped.cif,HIGH,HIGH
1212,BUHJUL_stripped.cif,HIGH,HIGH
1213,BUKMUQ01_stripped.cif,HIGH,HIGH
1214,BUSNOU_stripped.cif,LOW,LOW
1215,CABJOH_stripped.cif,LOW,LOW
1216,CACKEZ_stripped.cif,LOW,LOW
1217,CASTIC_stripped.cif,LOW,HIGH
1218,CAVWOO_stripped.cif,HIGH,HIGH
1219,CEDFOI_stripped.cif,HIGH,HIGH
1220,COQGAS_stripped.cif,LOW,LOW
1221,COTYIV_stripped.cif,LOW,LOW
1222,COWMEH_stripped.cif,HIGH,HIGH
1223,COWPOU_stripped.cif,LOW,LOW
1224,CUQROX_stripped.cif,HIGH,HIGH
1225,DAWBOU_stripped.cif,LOW,LOW
1226,DAWCIP_stripped.cif,HIGH,HIGH
1227,DAWWEF_stripped.cif,HIGH,HIGH
1228,DEYCAN_stripped.cif,LOW,LOW
1229,DIDBAV_stripped.cif,HIGH,HIGH
1230,DOTHUR_stripped.cif,LOW,LOW
1231,DOTSOV_stripped.cif,HIGH,HIGH
1232,DOTSOV02_stripped.cif,HIGH,HIGH
1233,DOTSOV06_stripped.cif,HIGH,HIGH
1234,DOTSOV12_stripped.cif,HIGH,HIGH
1235,DOTSOV21_stripped.cif,HIGH,HIGH
1236,DOTSOV35_stripped.cif,HIGH,HIGH
1237,DOTSOV40_stripped.cif,HIGH,HIGH
1238,DOTSOV43_stripped.cif,HIGH,HIGH
1239,DUBKAO_stripped.cif,LOW,LOW
1240,DUMXEQ01_stripped.cif,LOW,LOW
1241,EBEXEQ_stripped.cif,HIGH,HIGH
1242,EDUSIF_stripped.cif,LOW,LOW
1243,EFADEV_stripped.cif,LOW,LOW
1244,EMADUS_stripped.cif,LOW,LOW
1245,EMITUQ_stripped.cif,HIGH,HIGH
1246,EQOCOC01_stripped.cif,LOW,HIGH
1247,EQOXEN_stripped.cif,LOW,LOW
1248,EQUBUO_stripped.cif,LOW,HIGH
1249,ESUSOC_stripped.cif,HIGH,HIGH
1250,EWASIG_stripped.cif,HIGH,HIGH
1251,EWOFIH02_stripped.cif,LOW,LOW
1252,FANPAO_stripped.cif,HIGH,HIGH
1253,FAZRAA_stripped.cif,LOW,LOW
1254,FIFMIS01_stripped.cif,LOW,LOW
1255,FIRMUQ_stripped.cif,HIGH,HIGH
1256,FIRNAX_stripped.cif,HIGH,HIGH
1257,FIRNIF_stripped.cif,HIGH,HIGH
1258,FUDGES_stripped.cif,HIGH,HIGH
1259,GECXUH02_stripped.cif,HIGH,HIGH
1260,GITVIP01_stripped.cif,LOW,HIGH
1261,GUGNON_stripped.cif,HIGH,HIGH
1262,GUJYOB01_stripped.cif,HIGH,HIGH
1263,GUNZAS_stripped.cif,HIGH,HIGH
1264,GURYID_stripped.cif,LOW,LOW
1265,HAHCUR_stripped.cif,LOW,LOW
1266,HALHEJ_stripped.cif,HIGH,HIGH
1267,HALQUJ_stripped.cif,HIGH,HIGH
1268,HAQJIV_stripped.cif,HIGH,HIGH
1269,HIFGOU_stripped.cif,LOW,LOW
1270,HIFVUO_stripped.cif,LOW,HIGH
1271,HUFHIB_stripped.cif,HIGH,HIGH
1272,ICUNIE_stripped.cif,HIGH,HIGH
1273,IKUTOZ_stripped.cif,HIGH,HIGH
1274,ILUCOI_stripped.cif,LOW,LOW
1275,IPOZIW_stripped.cif,LOW,LOW
1276,IQUMOY_stripped.cif,HIGH,HIGH
1277,IRAXUV_stripped.cif,HIGH,HIGH
1278,IRIFEW_stripped.cif,HIGH,HIGH
1279,JASXEJ_stripped.cif,LOW,LOW
1280,JODGAM_stripped.cif,LOW,LOW
1281,JOQRIS_stripped.cif,HIGH,HIGH
1282,JOYKUF_stripped.cif,LOW,LOW
1283,KADLUZ_stripped.cif,LOW,LOW
1284,KAFTOD_stripped.cif,HIGH,HIGH
1285,KAHHIL_stripped.cif,HIGH,LOW
1286,KALGEL_stripped.cif,LOW,LOW
1287,KATVEH_stripped.cif,LOW,HIGH
1288,KINDOC_stripped.cif,HIGH,HIGH
1289,KINFAQ_stripped.cif,HIGH,HIGH
1290,KINFEU_stripped.cif,HIGH,HIGH
1291,KOSKIO_stripped.cif,HIGH,HIGH
1292,KOZQEX_stripped.cif,LOW,LOW
1293,KUQYUS_stripped.cif,LOW,LOW
1294,KUZZOW_stripped.cif,HIGH,HIGH
1295,LACNUB_stripped.cif,HIGH,HIGH
1296,LAZLIJ_stripped.cif,LOW,LOW
1297,LELDUD_stripped.cif,LOW,LOW
1298,LEZZEX_stripped.cif,LOW,LOW
1299,LODPOK_stripped.cif,HIGH,HIGH
1300,LUDVOV_stripped.cif,LOW,HIGH
1301,LUFNAC_stripped.cif,HIGH,HIGH
1302,LUFNIK_stripped.cif,HIGH,HIGH
1303,LULVOF_stripped.cif,LOW,LOW
1304,LUPTAS_stripped.cif,HIGH,LOW
1305,LUSHUD_stripped.cif,LOW,LOW
1306,MIBQAR06_stripped.cif,LOW,LOW
1307,MIBQAR07_stripped.cif,LOW,LOW
1308,MIBQAR20_stripped.cif,LOW,LOW
1309,MIFNUM_stripped.cif,LOW,LOW
1310,MILROQ_stripped.cif,LOW,HIGH
1311,MIMHOH_stripped.cif,HIGH,HIGH
1312,MIWJOT_stripped.cif,LOW,LOW
1313,MOWMUI_stripped.cif,HIGH,HIGH
1314,MOYYEF_stripped.cif,HIGH,HIGH
1315,MULXOI_stripped.cif,HIGH,HIGH
1316,NAWWUG_stripped.cif,HIGH,HIGH
1317,NEBNOZ_stripped.cif,LOW,LOW
1318,NESTAI_stripped.cif,HIGH,HIGH
1319,NIGGEQ_stripped.cif,HIGH,HIGH
1320,NINVAI_stripped.cif,HIGH,HIGH
1321,NOCLOH_stripped.cif,HIGH,HIGH
1322,NULHIN_stripped.cif,HIGH,HIGH
1323,NUTQAV_stripped.cif,HIGH,HIGH
1324,OGEHUF_stripped.cif,HIGH,HIGH
1325,OHAHIP_stripped.cif,HIGH,HIGH
1326,OKABAE_stripped.cif,LOW,LOW
1327,OKANOF_stripped.cif,LOW,LOW
1328,OKIKEZ_stripped.cif,LOW,HIGH
1329,OSIWOD01_stripped.cif,LOW,LOW
1330,OSIXIY_stripped.cif,LOW,LOW
1331,OZUKUR01_stripped.cif,LOW,LOW
1332,PACWEW_stripped.cif,HIGH,HIGH
1333,PEFRUP_stripped.cif,HIGH,HIGH
1334,PEKTUW_stripped.cif,LOW,LOW
1335,PIHQUU01_stripped.cif,LOW,LOW
1336,PIZREX_stripped.cif,LOW,LOW
1337,PODKUQ_stripped.cif,LOW,LOW
1338,PUDSUD_stripped.cif,HIGH,HIGH
1339,PUFQOY_stripped.cif,LOW,LOW
1340,PUGSOB_stripped.cif,LOW,LOW
1341,PURJES_stripped.cif,HIGH,HIGH
1342,QARPUX_stripped.cif,LOW,LOW
1343,QARQAE_stripped.cif,LOW,LOW
1344,QATVAL_stripped.cif,LOW,LOW
1345,QEBZII_stripped.cif,HIGH,HIGH
1346,QEHMUO_stripped.cif,LOW,LOW
1347,QIQTAN_stripped.cif,LOW,HIGH
1348,QISNIR_stripped.cif,HIGH,HIGH
1349,QOHTUD_stripped.cif,HIGH,HIGH
1350,QOWRAV10_stripped.cif,HIGH,HIGH
1351,QUQBAH_stripped.cif,HIGH,HIGH
1352,QUZVEO_stripped.cif,HIGH,HIGH
1353,REXFIL_stripped.cif,LOW,LOW
1354,RICZUA_stripped.cif,LOW,LOW
1355,RIKFAU_stripped.cif,LOW,LOW
1356,ROFREL01_stripped.cif,HIGH,HIGH
1357,ROGLOP_stripped.cif,LOW,LOW
1358,RUGXEY_stripped.cif,HIGH,LOW
1359,RUGZAW_stripped.cif,HIGH,HIGH
1360,RUHDEF_stripped.cif,LOW,LOW
1361,RUNYEG_stripped.cif,LOW,HIGH
1362,SABWAV_stripped.cif,LOW,LOW
1363,SAHYOQ_stripped.cif,LOW,LOW
1364,SAHYOQ03_stripped.cif,LOW,LOW
1365,SAWRAM_stripped.cif,LOW,HIGH
1366,SEMPIL_stripped.cif,HIGH,HIGH
1367,SEQSOY_stripped.cif,HIGH,HIGH
1368,SERCEZ_stripped.cif,HIGH,HIGH
1369,SIKYER_stripped.cif,HIGH,HIGH
1370,SISQAO_stripped.cif,HIGH,HIGH
1371,SOJMAH_stripped.cif,HIGH,HIGH
1372,SOJSUH_stripped.cif,HIGH,HIGH
1373,SOTWOP_stripped.cif,HIGH,HIGH
1374,SUKYIH_stripped.cif,LOW,HIGH
1375,SUPLOF_stripped.cif,HIGH,HIGH
1376,TATZIA_stripped.cif,LOW,LOW
1377,TAYWUO_stripped.cif,LOW,LOW
1378,TOLGOR_stripped.cif,HIGH,HIGH
1379,TUBJAD_stripped.cif,LOW,LOW
1380,TUJDEJ_stripped.cif,LOW,LOW
1381,UBINUQ_stripped.cif,HIGH,HIGH
1382,UCEXIK_stripped.cif,HIGH,HIGH
1383,ULEGOH_stripped.cif,LOW,LOW
1384,UNAZAL_stripped.cif,HIGH,HIGH
1385,UPORIB_stripped.cif,HIGH,HIGH
1386,UQENIP_stripped.cif,HIGH,HIGH
1387,UQONOF_stripped.cif,LOW,LOW
1388,UWAGAB01_stripped.cif,LOW,LOW
1389,VACFUB01_stripped.cif,LOW,LOW
1390,VAMXEO01_stripped.cif,LOW,HIGH
1391,VORSAY_stripped.cif,HIGH,HIGH
1392,VUGXEC_stripped.cif,HIGH,HIGH
1393,VUNYAF_stripped.cif,LOW,LOW
1394,WAJGAQ_stripped.cif,HIGH,HIGH
1395,WATKOU_stripped.cif,LOW,LOW
1396,WAWLEO_stripped.cif,LOW,HIGH
1397,WEFXIQ_stripped.cif,LOW,LOW
1398,WEHSAF_stripped.cif,HIGH,HIGH
1399,WEHSEJ_stripped.cif,HIGH,HIGH
1400,WENDIE_stripped.cif,LOW,HIGH
1401,WOHBOL_stripped.cif,LOW,LOW
1402,WOPSOL01_stripped.cif,LOW,LOW
1403,WUHJOY_stripped.cif,HIGH,HIGH
1404,XAFFOB_stripped.cif,LOW,LOW
1405,XAKZOZ_stripped.cif,LOW,LOW
1406,XEFXOY_stripped.cif,HIGH,HIGH
1407,XEGJOK_stripped.cif,HIGH,HIGH
1408,XEGJUQ_stripped.cif,HIGH,HIGH
1409,XEHXEP_stripped.cif,LOW,LOW
1410,XEQGEH_stripped.cif,LOW,LOW
1411,XEXMAQ_stripped.cif,LOW,LOW
1412,XODGOO_stripped.cif,LOW,LOW
1413,XUGBUY_stripped.cif,HIGH,HIGH
1414,XULDEP_stripped.cif,HIGH,HIGH
1415,XUMVEH_stripped.cif,HIGH,HIGH
1416,XUZVUL_stripped.cif,LOW,LOW
1417,YAVVID_stripped.cif,HIGH,HIGH
1418,YOCSEQ_stripped.cif,HIGH,HIGH
1419,YOGKOW_stripped.cif,HIGH,HIGH
1420,YOLKUH_stripped.cif,LOW,LOW
1421,YOMZIL_stripped.cif,LOW,LOW
1422,ZATXUQ_stripped.cif,HIGH,HIGH
1423,ZATYAX_stripped.cif,HIGH,HIGH
1424,ZEFDOG_stripped.cif,HIGH,HIGH
1425,ZOHFUZ_stripped.cif,HIGH,HIGH
1426,ZUBKEO_stripped.cif,LOW,LOW
1427,ZUDQAS_stripped.cif,HIGH,HIGH
1428,ZUJKAS_stripped.cif,HIGH,HIGH
1429,ABEYAJ_stripped.cif,HIGH,HIGH
1430,ACAJOF_stripped.cif,LOW,LOW
1431,ADODOO_stripped.cif,LOW,LOW
1432,ADODUU_stripped.cif,LOW,LOW
1433,AKAXOA_stripped.cif,LOW,LOW
1434,ALEQIT_stripped.cif,LOW,HIGH
1435,AMOYOR_stripped.cif,LOW,LOW
1436,ATOBIW_stripped.cif,LOW,LOW
1437,ATUYEU_stripped.cif,LOW,LOW
1438,AVELOD_stripped.cif,HIGH,LOW
1439,AWOFOI_stripped.cif,HIGH,HIGH
1440,BAPSUH01_stripped.cif,HIGH,HIGH
1441,BECTAH_stripped.cif,LOW,LOW
1442,BEPLUF_stripped.cif,LOW,LOW
1443,BEPPAP_stripped.cif,LOW,LOW
1444,BEYSEF_stripped.cif,LOW,LOW
1445,BOMCOX_stripped.cif,LOW,LOW
1446,BUYDEG_stripped.cif,LOW,HIGH
1447,CAPTEV_stripped.cif,HIGH,HIGH
1448,CAQPUI_stripped.cif,LOW,LOW
1449,CAWDOU_stripped.cif,HIGH,HIGH
1450,CAYDOX06_stripped.cif,LOW,LOW
1451,CETHEQ_stripped.cif,LOW,HIGH
1452,CICROX_stripped.cif,LOW,LOW
1453,COJMOF_stripped.cif,HIGH,HIGH
1454,COKPID_stripped.cif,LOW,LOW
1455,DAJBOH_stripped.cif,HIGH,HIGH
1456,DALSUH_stripped.cif,HIGH,HIGH
1457,DAMYOI_stripped.cif,HIGH,HIGH
1458,DAPPER_stripped.cif,LOW,LOW
1459,DAXNOG03_stripped.cif,HIGH,HIGH
1460,DEGJEG_stripped.cif,LOW,LOW
1461,DIRPOL_stripped.cif,HIGH,HIGH
1462,DIRRUT_stripped.cif,HIGH,HIGH
1463,DOPJAV_stripped.cif,HIGH,HIGH
1464,DOTSOV05_stripped.cif,HIGH,HIGH
1465,DOTSOV20_stripped.cif,HIGH,HIGH
1466,DOTSOV23_stripped.cif,HIGH,HIGH
1467,DOTSOV33_stripped.cif,HIGH,HIGH
1468,DOTSOV34_stripped.cif,HIGH,HIGH
1469,DOYWIZ_stripped.cif,LOW,HIGH
1470,DUBWON_stripped.cif,HIGH,HIGH
1471,DUMGAU_stripped.cif,HIGH,HIGH
1472,DUPKAC_stripped.cif,HIGH,HIGH
1473,DUPNUY_stripped.cif,HIGH,HIGH
1474,EBEWIT_stripped.cif,HIGH,HIGH
1475,EBEWOZ01_stripped.cif,LOW,LOW
1476,EJUWIR_stripped.cif,LOW,HIGH
1477,EMAMIQ_stripped.cif,HIGH,HIGH
1478,EMAMOW_stripped.cif,HIGH,HIGH
1479,EMITOK_stripped.cif,HIGH,HIGH
1480,EQEREY_stripped.cif,HIGH,LOW
1481,ESIFIX_stripped.cif,LOW,LOW
1482,ESUSAO_stripped.cif,HIGH,HIGH
1483,ESUSAO01_stripped.cif,HIGH,HIGH
1484,ESUVAR01_stripped.cif,HIGH,LOW
1485,EXEWAG_stripped.cif,LOW,LOW
1486,EZIMEG_stripped.cif,HIGH,HIGH
1487,EZUMIX_stripped.cif,LOW,LOW
1488,FABGUM_stripped.cif,LOW,LOW
1489,FALTUK_stripped.cif,HIGH,HIGH
1490,FAXDAM_stripped.cif,LOW,LOW
1491,FEWGAQ_stripped.cif,HIGH,HIGH
1492,FEXCES_stripped.cif,HIGH,HIGH
1493,FIFMUE_stripped.cif,LOW,LOW
1494,FIJFUA_stripped.cif,HIGH,HIGH
1495,FIRPAZ_stripped.cif,HIGH,HIGH
1496,FIZYAQ_stripped.cif,LOW,LOW
1497,FOCZAA_stripped.cif,LOW,LOW
1498,GAJZAU_stripped.cif,HIGH,HIGH
1499,GARQEY_stripped.cif,LOW,LOW
1500,GIYJAB_stripped.cif,HIGH,HIGH
1501,GOKBUE_stripped.cif,LOW,LOW
1502,GUGKIE01_stripped.cif,LOW,LOW
1503,GUHPEG_stripped.cif,HIGH,HIGH
1504,GUSMAJ_stripped.cif,LOW,LOW
1505,GUYHUF_stripped.cif,HIGH,HIGH
1506,HAHCEB_stripped.cif,LOW,LOW
1507,HALVAU_stripped.cif,HIGH,HIGH
1508,HAZSIL_stripped.cif,HIGH,HIGH
1509,HEDCIE_stripped.cif,LOW,HIGH
1510,HIFTOG_stripped.cif,HIGH,HIGH
1511,HIFTOG02_stripped.cif,HIGH,HIGH
1512,HOGLEV01_stripped.cif,HIGH,HIGH
1513,HUFHUN_stripped.cif,HIGH,LOW
1514,HUTGUZ_stripped.cif,LOW,LOW
1515,IFUNUU_stripped.cif,HIGH,HIGH
1516,ILUCUO_stripped.cif,LOW,LOW
1517,IYOBAA_stripped.cif,LOW,LOW
1518,IYOCIK_stripped.cif,LOW,LOW
1519,JAKPOD_stripped.cif,HIGH,HIGH
1520,JAXNUU_stripped.cif,LOW,LOW
1521,JAYDEV_stripped.cif,LOW,LOW
1522,JOFKIA01_stripped.cif,HIGH,HIGH
1523,JUFREJ_stripped.cif,HIGH,HIGH
1524,KALFIO_stripped.cif,HIGH,HIGH
1525,KAXCUK_stripped.cif,LOW,LOW
1526,KEPGAP_stripped.cif,HIGH,HIGH
1527,KEQDER_stripped.cif,HIGH,HIGH
1528,KEYFIF_stripped.cif,LOW,LOW
1529,KOPZIA01_stripped.cif,LOW,LOW
1530,KORNAI_stripped.cif,LOW,HIGH
1531,KOSKIO01_stripped.cif,HIGH,HIGH
1532,KUNSAP_stripped.cif,HIGH,HIGH
1533,KUTNUK_stripped.cif,LOW,HIGH
1534,LAFMOV01_stripped.cif,HIGH,HIGH
1535,LASDEQ_stripped.cif,HIGH,HIGH
1536,LASYOU_stripped.cif,HIGH,HIGH
1537,LATFUI_stripped.cif,LOW,LOW
1538,LAYGAV_stripped.cif,LOW,LOW
1539,LEDHIN_stripped.cif,LOW,LOW
1540,LENROM_stripped.cif,LOW,LOW
1541,LEVPEJ_stripped.cif,LOW,LOW
1542,LIBZIG_stripped.cif,HIGH,HIGH
1543,LUDLIH_stripped.cif,HIGH,HIGH
1544,LUSHIR_stripped.cif,LOW,LOW
1545,MARXEK_stripped.cif,LOW,LOW
1546,MATVEJ_stripped.cif,HIGH,HIGH
1547,MAVNOO_stripped.cif,HIGH,HIGH
1548,MIBQAR04_stripped.cif,LOW,LOW
1549,MIVDIF_stripped.cif,HIGH,HIGH
1550,MOVPOC_stripped.cif,HIGH,HIGH
1551,MUDTAH_stripped.cif,HIGH,HIGH
1552,MUNSEV_stripped.cif,HIGH,HIGH
1553,MUYKEX_stripped.cif,HIGH,HIGH
1554,NATHUO_stripped.cif,HIGH,HIGH
1555,NEGTIF_stripped.cif,HIGH,HIGH
1556,NENRIJ_stripped.cif,LOW,LOW
1557,NEPWIQ_stripped.cif,HIGH,HIGH
1558,NUCBIY_stripped.cif,LOW,LOW
1559,NUCYAN_stripped.cif,LOW,HIGH
1560,NUHRAL_stripped.cif,HIGH,HIGH
1561,NULHAF_stripped.cif,HIGH,HIGH
1562,NULHOT_stripped.cif,HIGH,HIGH
1563,NUZCER_stripped.cif,LOW,LOW
1564,ODIPAS01_stripped.cif,LOW,LOW
1565,OKIJOI_stripped.cif,HIGH,HIGH
1566,OKITAE_stripped.cif,HIGH,HIGH
1567,OQETEK_stripped.cif,HIGH,HIGH
1568,OQIQIQ_stripped.cif,HIGH,HIGH
1569,ORIWET_stripped.cif,HIGH,HIGH
1570,OTOZII_stripped.cif,HIGH,HIGH
1571,OVAGAV_stripped.cif,HIGH,HIGH
1572,OWAXEQ_stripped.cif,HIGH,HIGH
1573,OYODEM_stripped.cif,LOW,LOW
1574,PATWOY_stripped.cif,LOW,HIGH
1575,PEKTOQ_stripped.cif,LOW,LOW
1576,PEWXUL_stripped.cif,LOW,LOW
1577,PIDMEV_stripped.cif,HIGH,HIGH
1578,PIHJOH_stripped.cif,LOW,LOW
1579,PIHJOH02_stripped.cif,LOW,LOW
1580,PIZRIB_stripped.cif,LOW,LOW
1581,POHCOG02_stripped.cif,LOW,LOW
1582,PUDSIR01_stripped.cif,HIGH,HIGH
1583,PUWDEQ_stripped.cif,LOW,LOW
1584,QAQNOO_stripped.cif,LOW,HIGH
1585,QAQTEJ_stripped.cif,LOW,HIGH
1586,QARLUT_stripped.cif,LOW,LOW
1587,QIXNIW_stripped.cif,HIGH,HIGH
1588,QOKCID_stripped.cif,LOW,LOW
1589,QOPTUM_stripped.cif,LOW,HIGH
1590,QOWRAV03_stripped.cif,HIGH,HIGH
1591,QOWRAV12_stripped.cif,HIGH,HIGH
1592,QUDJIJ_stripped.cif,HIGH,HIGH
1593,QUPDEL01_stripped.cif,HIGH,HIGH
1594,RAWYAS_stripped.cif,LOW,HIGH
1595,RAYKEJ_stripped.cif,LOW,LOW
1596,RAYKIN_stripped.cif,LOW,LOW
1597,RAYMAH_stripped.cif,LOW,LOW
1598,RICBEM_stripped.cif,LOW,LOW
1599,RIPKIM_stripped.cif,LOW,LOW
1600,RIPKOS_stripped.cif,LOW,LOW
1601,RITDAB_stripped.cif,LOW,LOW
1602,RIWMUH_stripped.cif,HIGH,HIGH
1603,RIXBEG_stripped.cif,LOW,LOW
1604,ROQVIE_stripped.cif,HIGH,HIGH
1605,ROYRII_stripped.cif,HIGH,HIGH
1606,RUBGOM_stripped.cif,LOW,LOW
1607,RUWXEN_stripped.cif,HIGH,HIGH
1608,RUYQOT_stripped.cif,HIGH,HIGH
1609,SABWOJ_stripped.cif,LOW,LOW
1610,SACCAD_stripped.cif,LOW,LOW
1611,SAQQAD_stripped.cif,HIGH,HIGH
1612,SARGID_stripped.cif,LOW,LOW
1613,SIKYUH_stripped.cif,HIGH,HIGH
1614,SOPLEQ_stripped.cif,HIGH,HIGH
1615,TAMHUM_stripped.cif,HIGH,HIGH
1616,TAMJEY_stripped.cif,LOW,HIGH
1617,TEJBUI_stripped.cif,HIGH,HIGH
1618,TEQTEQ_stripped.cif,LOW,LOW
1619,TEWGEJ01_stripped.cif,HIGH,HIGH
1620,TIXCEK_stripped.cif,HIGH,LOW
1621,UBIPAY_stripped.cif,HIGH,HIGH
1622,UCOJED_stripped.cif,LOW,LOW
1623,UFATEA01_stripped.cif,LOW,LOW
1624,UKAQED_stripped.cif,HIGH,HIGH
1625,UKOHIN_stripped.cif,HIGH,HIGH
1626,UWAGAB03_stripped.cif,LOW,LOW
1627,VADJAO_stripped.cif,LOW,LOW
1628,VAXJAI_stripped.cif,HIGH,HIGH
1629,VAZHOW_stripped.cif,LOW,LOW
1630,VEGPUU_stripped.cif,HIGH,HIGH
1631,VEHPUU_stripped.cif,LOW,LOW
1632,VIDXOX_stripped.cif,HIGH,HIGH
1633,VIXBEK_stripped.cif,LOW,LOW
1634,VIYFUG_stripped.cif,HIGH,HIGH
1635,VULRAW02_stripped.cif,LOW,LOW
1636,VURMOL_stripped.cif,HIGH,HIGH
1637,WAHFUJ_stripped.cif,LOW,LOW
1638,WEGGAS_stripped.cif,LOW,LOW
1639,WEHSIN_stripped.cif,HIGH,HIGH
1640,WEMDUP_stripped.cif,HIGH,HIGH
1641,WILNEM_stripped.cif,LOW,LOW
1642,WITMAP_stripped.cif,HIGH,HIGH
1643,WIZDAL_stripped.cif,HIGH,HIGH
1644,WOBHIF03_stripped.cif,HIGH,HIGH
1645,WOCWAN_stripped.cif,LOW,LOW
1646,WOJZAY_stripped.cif,HIGH,HIGH
1647,WOSZEL_stripped.cif,HIGH,HIGH
1648,WUJFIR_stripped.cif,LOW,LOW
1649,XACZEH_stripped.cif,LOW,LOW
1650,XADDAJ01_stripped.cif,HIGH,HIGH
1651,XASPIT_stripped.cif,HIGH,HIGH
1652,XAWXOL_stripped.cif,HIGH,HIGH
1653,XAXVEA_stripped.cif,HIGH,HIGH
1654,XODGII_stripped.cif,LOW,LOW
1655,XUMVAD_stripped.cif,HIGH,HIGH
1656,YARSAN_stripped.cif,LOW,LOW
1657,YATTUK_stripped.cif,HIGH,HIGH
1658,YAVZUT_stripped.cif,HIGH,HIGH
1659,YOBZAR_stripped.cif,LOW,LOW
1660,YUVSUE_stripped.cif,LOW,LOW
1661,YUXREQ_stripped.cif,LOW,LOW
1662,ZAVPET_stripped.cif,HIGH,HIGH
1663,ZAVQIY_stripped.cif,HIGH,HIGH
1664,ZAWVAW_stripped.cif,LOW,LOW
1665,ZECKOJ_stripped.cif,HIGH,HIGH
1666,ZEYCOX_stripped.cif,LOW,HIGH
1667,ABEXIQ_stripped.cif,HIGH,HIGH
1668,ABEXOW_stripped.cif,HIGH,HIGH
1669,ABEYIR_stripped.cif,HIGH,HIGH
1670,AFOVAT_stripped.cif,HIGH,HIGH
1671,AFOVEX_stripped.cif,HIGH,HIGH
1672,AFOVIB_stripped.cif,HIGH,HIGH
1673,AFUKAP_stripped.cif,LOW,LOW
1674,AHORAR_stripped.cif,HIGH,HIGH
1675,AJOTUQ_stripped.cif,HIGH,HIGH
1676,AKAXIU_stripped.cif,LOW,LOW
1677,APAYIB_stripped.cif,HIGH,HIGH
1678,ATESEZ_stripped.cif,HIGH,HIGH
1679,ATEYIH_stripped.cif,HIGH,HIGH
1680,AXIPEE01_stripped.cif,LOW,LOW
1681,BADYAJ_stripped.cif,LOW,HIGH
1682,BAZFUF_stripped.cif,LOW,LOW
1683,BEDHOJ_stripped.cif,LOW,LOW
1684,BEPMAM_stripped.cif,LOW,LOW
1685,BEPMIU_stripped.cif,LOW,LOW
1686,BEPVOJ01_stripped.cif,LOW,LOW
1687,BETFEN_stripped.cif,HIGH,HIGH
1688,BEWSAY_stripped.cif,LOW,LOW
1689,BIYTEJ_stripped.cif,LOW,LOW
1690,BIYVAI_stripped.cif,HIGH,HIGH
1691,BOWDOI_stripped.cif,LOW,LOW
1692,BUSMUY_stripped.cif,LOW,LOW
1693,BUVWOF02_stripped.cif,LOW,LOW
1694,CAGSAG_stripped.cif,HIGH,HIGH
1695,CAVREY_stripped.cif,HIGH,HIGH
1696,CAYGIU_stripped.cif,LOW,LOW
1697,CEGDUO_stripped.cif,LOW,LOW
1698,CICRIR_stripped.cif,LOW,LOW
1699,CIFFUU_stripped.cif,HIGH,HIGH
1700,CITXUZ_stripped.cif,HIGH,HIGH
1701,COKNUN_stripped.cif,HIGH,HIGH
1702,COWMAD_stripped.cif,HIGH,HIGH
1703,CUKYAJ_stripped.cif,HIGH,HIGH
1704,CUTFUT_stripped.cif,HIGH,HIGH
1705,DAMZEZ_stripped.cif,LOW,LOW
1706,DAWCAH_stripped.cif,LOW,LOW
1707,DECJED_stripped.cif,LOW,LOW
1708,DECXOB_stripped.cif,LOW,LOW
1709,DEFKUU_stripped.cif,LOW,LOW
1710,DEYVUA_stripped.cif,HIGH,HIGH
1711,DIDBID_stripped.cif,HIGH,HIGH
1712,DORDUK_stripped.cif,LOW,LOW
1713,DOTSOV25_stripped.cif,HIGH,HIGH
1714,DOTSOV27_stripped.cif,HIGH,HIGH
1715,DOTSOV30_stripped.cif,HIGH,HIGH
1716,DUHPUT_stripped.cif,LOW,LOW
1717,ECIWOC_stripped.cif,LOW,LOW
1718,EGATOW_stripped.cif,HIGH,HIGH
1719,EHIJAH_stripped.cif,LOW,LOW
1720,EJOQUR_stripped.cif,HIGH,HIGH
1721,ELERIY_stripped.cif,HIGH,HIGH
1722,EMAXOH_stripped.cif,HIGH,HIGH
1723,EPEWAY01_stripped.cif,LOW,LOW
1724,EPEXUU_stripped.cif,LOW,LOW
1725,ERAJEO_stripped.cif,HIGH,HIGH
1726,ERUGAZ_stripped.cif,LOW,LOW
1727,EVAKOB_stripped.cif,LOW,HIGH
1728,EWEVIL_stripped.cif,HIGH,HIGH
1729,EWUQIX_stripped.cif,LOW,LOW
1730,EYACOX_stripped.cif,HIGH,HIGH
1731,EZILUV_stripped.cif,HIGH,LOW
1732,FAHPOV_stripped.cif,LOW,LOW
1733,FAMQES_stripped.cif,HIGH,HIGH
1734,FECYUJ_stripped.cif,HIGH,HIGH
1735,FERWAC_stripped.cif,HIGH,LOW
1736,FESBIQ_stripped.cif,LOW,LOW
1737,FIRBOX02_stripped.cif,LOW,LOW
1738,FOBNAN_stripped.cif,HIGH,HIGH
1739,FUNBIA_stripped.cif,LOW,LOW
1740,FURQUF_stripped.cif,HIGH,HIGH
1741,FURROA_stripped.cif,HIGH,HIGH
1742,FUTZOK_stripped.cif,HIGH,HIGH
1743,GAJZEY_stripped.cif,HIGH,HIGH
1744,GALKEL_stripped.cif,LOW,LOW
1745,GAMFAE_stripped.cif,HIGH,HIGH
1746,GAVYAG_stripped.cif,LOW,LOW
1747,GAWZOW_stripped.cif,HIGH,HIGH
1748,GAZZIS_stripped.cif,HIGH,HIGH
1749,GECXUH03_stripped.cif,HIGH,HIGH
1750,GEPDAI_stripped.cif,LOW,LOW
1751,GIFKUC_stripped.cif,HIGH,HIGH
1752,GITWOX_stripped.cif,HIGH,HIGH
1753,GUSPUG_stripped.cif,LOW,LOW
1754,HADPOU_stripped.cif,HIGH,LOW
1755,HAFPUB_stripped.cif,LOW,LOW
1756,HAYTAE_stripped.cif,HIGH,HIGH
1757,HIQVUZ01_stripped.cif,HIGH,HIGH
1758,IGETUL_stripped.cif,HIGH,HIGH
1759,IGINIX_stripped.cif,HIGH,HIGH
1760,IJASAO_stripped.cif,LOW,LOW
1761,INALOA_stripped.cif,LOW,LOW
1762,IPIHUM_stripped.cif,LOW,LOW
1763,IVUVIG_stripped.cif,HIGH,HIGH
1764,JAPZOS_stripped.cif,HIGH,HIGH
1765,JASNAT_stripped.cif,LOW,LOW
1766,JODGIU_stripped.cif,HIGH,HIGH
1767,JOFKIA_stripped.cif,HIGH,LOW
1768,JOGQON_stripped.cif,LOW,LOW
1769,KEFBII_stripped.cif,HIGH,HIGH
1770,KEHTOJ_stripped.cif,HIGH,HIGH
1771,KIYQIU_stripped.cif,HIGH,HIGH
1772,KIYQOA_stripped.cif,HIGH,HIGH
1773,KOSKUA_stripped.cif,LOW,LOW
1774,KUCDIW_stripped.cif,LOW,LOW
1775,LACQIS_stripped.cif,LOW,LOW
1776,LAKFIN_stripped.cif,LOW,LOW
1777,LAVTOT_stripped.cif,HIGH,HIGH
1778,LEBSIV_stripped.cif,HIGH,HIGH
1779,LIQJEC_stripped.cif,LOW,LOW
1780,LUFNEG_stripped.cif,HIGH,HIGH
1781,LUSHOX03_stripped.cif,HIGH,HIGH
1782,LUSJIT_stripped.cif,LOW,LOW
1783,MABKIK_stripped.cif,LOW,LOW
1784,MADWEU_stripped.cif,LOW,LOW
1785,MAFJIO_stripped.cif,HIGH,HIGH
1786,MAHCIK_stripped.cif,HIGH,LOW
1787,MEFWID_stripped.cif,HIGH,HIGH
1788,MEGXII_stripped.cif,LOW,LOW
1789,METNII_stripped.cif,LOW,LOW
1790,MIBQAR11_stripped.cif,LOW,LOW
1791,MIBQAR16_stripped.cif,LOW,LOW
1792,MOYWUT_stripped.cif,LOW,LOW
1793,NAGBUU_stripped.cif,HIGH,HIGH
1794,NAJSUP_stripped.cif,HIGH,HIGH
1795,NEHSIF_stripped.cif,LOW,LOW
1796,NEQSUY_stripped.cif,HIGH,HIGH
1797,NEQSUY01_stripped.cif,LOW,HIGH
1798,NOCLOH01_stripped.cif,HIGH,HIGH
1799,NUHQIS_stripped.cif,HIGH,HIGH
1800,ODEJEO_stripped.cif,HIGH,HIGH
1801,OJIWAG_stripped.cif,HIGH,LOW
1802,OKIKAV_stripped.cif,LOW,HIGH
1803,OKIRIK_stripped.cif,LOW,LOW
1804,OLEYAH_stripped.cif,HIGH,HIGH
1805,OPOBIF_stripped.cif,LOW,LOW
1806,ORIVOC_stripped.cif,HIGH,HIGH
1807,ORIWAP_stripped.cif,HIGH,HIGH
1808,OTIPUE_stripped.cif,LOW,LOW
1809,OWIZAW_stripped.cif,LOW,LOW
1810,OZOWIL_stripped.cif,LOW,HIGH
1811,PAKFEP_stripped.cif,HIGH,LOW
1812,PANYOU_stripped.cif,LOW,LOW
1813,PASMUT_stripped.cif,HIGH,HIGH
1814,PEVQEO_stripped.cif,LOW,LOW
1815,POBGOE01_stripped.cif,LOW,LOW
1816,POHCOG01_stripped.cif,LOW,LOW
1817,POKGEC_stripped.cif,HIGH,LOW
1818,PORVUO_stripped.cif,LOW,LOW
1819,PUBDUN_stripped.cif,LOW,LOW
1820,QAGDIO_stripped.cif,HIGH,HIGH
1821,QARPOR_stripped.cif,LOW,LOW
1822,QIWRUJ_stripped.cif,HIGH,HIGH
1823,QIWSEU_stripped.cif,HIGH,HIGH
1824,QOMFAA_stripped.cif,LOW,LOW
1825,QOQWOK01_stripped.cif,HIGH,HIGH
1826,QOTZEG_stripped.cif,HIGH,HIGH
1827,QOWRAV02_stripped.cif,HIGH,HIGH
1828,QOWRAV07_stripped.cif,HIGH,HIGH
1829,QUNVOM_stripped.cif,HIGH,HIGH
1830,RATSAI_stripped.cif,HIGH,HIGH
1831,RAWPOV_stripped.cif,HIGH,HIGH
1832,RAYFAA_stripped.cif,HIGH,HIGH
1833,REVQAK_stripped.cif,LOW,LOW
1834,REXDOP_stripped.cif,LOW,LOW
1835,REXDUV_stripped.cif,LOW,LOW
1836,REXFEH_stripped.cif,LOW,LOW
1837,ROGMEG_stripped.cif,LOW,LOW
1838,ROHJUV_stripped.cif,HIGH,LOW
1839,RUGPAM_stripped.cif,HIGH,HIGH
1840,RUWWUC_stripped.cif,HIGH,HIGH
1841,SARSUC_stripped.cif,LOW,LOW
1842,SEHXIN_stripped.cif,HIGH,HIGH
1843,SEHZUB_stripped.cif,HIGH,HIGH
1844,SEMFEX_stripped.cif,LOW,LOW
1845,SEQGUR_stripped.cif,LOW,LOW
1846,SERKAC_stripped.cif,LOW,LOW
1847,SIVQAR_stripped.cif,HIGH,HIGH
1848,SURMEZ_stripped.cif,LOW,LOW
1849,TARVUD_stripped.cif,HIGH,HIGH
1850,TEBSAW_stripped.cif,HIGH,HIGH
1851,TEWFUY01_stripped.cif,HIGH,LOW
1852,TISNUG_stripped.cif,LOW,HIGH
1853,TUJGIQ_stripped.cif,LOW,LOW
1854,UBULUA_stripped.cif,LOW,LOW
1855,UJARAZ_stripped.cif,HIGH,HIGH
1856,UKAQIH_stripped.cif,HIGH,HIGH
1857,UKUBOS_stripped.cif,LOW,LOW
1858,UKUQEX_stripped.cif,HIGH,HIGH
1859,ULUWOP_stripped.cif,HIGH,HIGH
1860,UQEYUM_stripped.cif,LOW,LOW
1861,URIPIV_stripped.cif,LOW,LOW
1862,UTAMAF_stripped.cif,LOW,LOW
1863,UVUQAE_stripped.cif,HIGH,HIGH
1864,UWELIS_stripped.cif,HIGH,HIGH
1865,VEDFER_stripped.cif,LOW,LOW
1866,VIWVAA_stripped.cif,HIGH,HIGH
1867,VUKTIG_stripped.cif,LOW,HIGH
1868,WATLAH_stripped.cif,LOW,LOW
1869,WEFXEM_stripped.cif,LOW,LOW
1870,WEHHOI_stripped.cif,HIGH,HIGH
1871,WILNEM01_stripped.cif,LOW,LOW
1872,WITPOG_stripped.cif,LOW,LOW
1873,WIWKET_stripped.cif,LOW,LOW
1874,WOBHEB01_stripped.cif,HIGH,HIGH
1875,WOBHOM_stripped.cif,LOW,LOW
1876,WOFSEQ_stripped.cif,LOW,LOW
1877,WORKUL_stripped.cif,HIGH,HIGH
1878,WORLAS_stripped.cif,HIGH,HIGH
1879,WUDVEY_stripped.cif,LOW,LOW
1880,XABCIP01_stripped.cif,HIGH,HIGH
1881,XAMDUM01_stripped.cif,HIGH,HIGH
1882,XAMDUM03_stripped.cif,HIGH,HIGH
1883,XEFXIS_stripped.cif,HIGH,LOW
1884,XIHCEX_stripped.cif,LOW,LOW
1885,XISXEE_stripped.cif,HIGH,HIGH
1886,XOMCUZ_stripped.cif,LOW,LOW
1887,XOXGIB_stripped.cif,HIGH,HIGH
1888,XOXGUN_stripped.cif,HIGH,HIGH
1889,XUGROI_stripped.cif,HIGH,HIGH
1890,XUGSOH_stripped.cif,LOW,LOW
1891,YARFII02_stripped.cif,LOW,LOW
1892,YAVVOJ_stripped.cif,HIGH,HIGH
1893,YAZWOM_stripped.cif,LOW,LOW
1894,YEJMIK_stripped.cif,HIGH,HIGH
1895,YUBBUT_stripped.cif,LOW,LOW
1896,YUBQET_stripped.cif,LOW,LOW
1897,YURKEC_stripped.cif,HIGH,HIGH
1898,ZALZOE_stripped.cif,LOW,LOW
1899,ZAVQUK_stripped.cif,HIGH,HIGH
1900,ZAWVEA_stripped.cif,LOW,LOW
1901,ZIKJIO_stripped.cif,HIGH,HIGH
1902,ZILFOR_stripped.cif,HIGH,HIGH
1903,ZIWMEZ_stripped.cif,LOW,LOW
1904,ZODPUF_stripped.cif,HIGH,HIGH
1905,ABEXEM_stripped.cif,HIGH,HIGH
1906,AFEJIE_stripped.cif,LOW,LOW
1907,AFOTUL_stripped.cif,HIGH,HIGH
1908,AGAYAI_stripped.cif,LOW,HIGH
1909,ALIXOJ_stripped.cif,HIGH,HIGH
1910,ALIXUP_stripped.cif,LOW,HIGH
1911,ALULAV_stripped.cif,HIGH,HIGH
1912,AMAFUQ_stripped.cif,LOW,LOW
1913,AMAGAX_stripped.cif,LOW,LOW
1914,APARAM_stripped.cif,HIGH,LOW
1915,ARAJIO_stripped.cif,LOW,LOW
1916,ASUBIB_stripped.cif,HIGH,HIGH
1917,ATAJAI_stripped.cif,LOW,LOW
1918,ATESAV_stripped.cif,LOW,HIGH
1919,ATOLEC_stripped.cif,HIGH,HIGH
1920,AVUBIC_stripped.cif,LOW,LOW
1921,AWIBAL_stripped.cif,LOW,LOW
1922,AXIPEE02_stripped.cif,LOW,LOW
1923,AYOXUJ_stripped.cif,HIGH,HIGH
1924,AZUGOT_stripped.cif,LOW,LOW
1925,BADXUC_stripped.cif,LOW,LOW
1926,BAKJEE_stripped.cif,HIGH,HIGH
1927,BAKSIS_stripped.cif,LOW,HIGH
1928,BETFUD_stripped.cif,HIGH,HIGH
1929,BODLAJ_stripped.cif,LOW,LOW
1930,BOKXOP_stripped.cif,LOW,LOW
1931,BONMAT_stripped.cif,HIGH,HIGH
1932,BOTCEU_stripped.cif,LOW,LOW
1933,BUTBEZ_stripped.cif,HIGH,HIGH
1934,COKNIB_stripped.cif,HIGH,HIGH
1935,COKNIB01_stripped.cif,HIGH,HIGH
1936,CUPXOC_stripped.cif,LOW,LOW
1937,DAKVUI_stripped.cif,HIGH,HIGH
1938,DAMQOY_stripped.cif,HIGH,HIGH
1939,DAMZOJ_stripped.cif,LOW,LOW
1940,DAXNOG01_stripped.cif,HIGH,HIGH
1941,DAYYIN_stripped.cif,LOW,LOW
1942,DETHEQ_stripped.cif,LOW,LOW
1943,DIBJIJ_stripped.cif,HIGH,HIGH
1944,DIDBEZ_stripped.cif,HIGH,HIGH
1945,DOHCOU_stripped.cif,HIGH,HIGH
1946,DOHCUA_stripped.cif,HIGH,HIGH
1947,DOTSOV01_stripped.cif,HIGH,HIGH
1948,DOTSOV04_stripped.cif,HIGH,HIGH
1949,DOTSOV10_stripped.cif,HIGH,HIGH
1950,DOTSOV14_stripped.cif,HIGH,HIGH
1951,DOTSOV15_stripped.cif,HIGH,HIGH
1952,DOTSOV24_stripped.cif,HIGH,HIGH
1953,DOTSOV36_stripped.cif,HIGH,HIGH
1954,DOTSOV37_stripped.cif,HIGH,HIGH
1955,DOTSOV42_stripped.cif,HIGH,HIGH
1956,DUNYIW_stripped.cif,LOW,HIGH
1957,DUYPAQ_stripped.cif,HIGH,HIGH
1958,DUZPUL_stripped.cif,HIGH,HIGH
1959,EBIDAW_stripped.cif,HIGH,HIGH
1960,EDAJOJ_stripped.cif,HIGH,HIGH
1961,EHONOG_stripped.cif,LOW,LOW
1962,EMECUV_stripped.cif,LOW,LOW
1963,EQEVEC_stripped.cif,LOW,LOW
1964,EVEPOK_stripped.cif,HIGH,HIGH
1965,EVUQOC_stripped.cif,HIGH,HIGH
1966,EWETUW_stripped.cif,LOW,LOW
1967,EZERUY_stripped.cif,LOW,LOW
1968,FAQLER01_stripped.cif,HIGH,LOW
1969,FAVHAO_stripped.cif,LOW,LOW
1970,FEVFUJ_stripped.cif,LOW,HIGH
1971,FIFPAM_stripped.cif,HIGH,HIGH
1972,FIRNAX01_stripped.cif,HIGH,HIGH
1973,FISGOF_stripped.cif,LOW,LOW
1974,FONPOP_stripped.cif,LOW,LOW
1975,FURQOZ01_stripped.cif,HIGH,HIGH
1976,FUSMEM_stripped.cif,HIGH,HIGH
1977,GARTAX_stripped.cif,HIGH,HIGH
1978,GEDRAK_stripped.cif,HIGH,HIGH
1979,GIXNAE_stripped.cif,HIGH,HIGH
1980,GONNAA_stripped.cif,HIGH,HIGH
1981,GUJREK01_stripped.cif,LOW,LOW
1982,GUPBOJ01_stripped.cif,LOW,LOW
1983,HANWAW_stripped.cif,HIGH,HIGH
1984,HATGUF_stripped.cif,HIGH,HIGH
1985,HEDCAW_stripped.cif,HIGH,HIGH
1986,HEWFAR02_stripped.cif,HIGH,HIGH
1987,HOGSIG_stripped.cif,LOW,HIGH
1988,HULCOI_stripped.cif,HIGH,HIGH
1989,HURFUX_stripped.cif,HIGH,HIGH
1990,IGUBES_stripped.cif,LOW,LOW
1991,IHIMAP01_stripped.cif,HIGH,HIGH
1992,IJISUQ_stripped.cif,LOW,LOW
1993,IKEVAW_stripped.cif,HIGH,HIGH
1994,IMIXEI_stripped.cif,HIGH,HIGH
1995,IPIJEY_stripped.cif,HIGH,HIGH
1996,IRIFIA_stripped.cif,HIGH,HIGH
1997,IROSAL_stripped.cif,LOW,LOW
1998,ITAHEQ_stripped.cif,LOW,LOW
1999,IXUWUU_stripped.cif,LOW,LOW
2000,IZIHAC_stripped.cif,HIGH,HIGH
2001,JAPYEH_stripped.cif,HIGH,HIGH
2002,JAPZIM_stripped.cif,HIGH,HIGH
2003,JECFON_stripped.cif,HIGH,HIGH
2004,JUMSOB_stripped.cif,LOW,LOW
2005,JUZXAD_stripped.cif,LOW,LOW
2006,JUZXEH_stripped.cif,HIGH,HIGH
2007,KALGAH_stripped.cif,HIGH,HIGH
2008,KASLUO_stripped.cif,LOW,LOW
2009,KIPKAX_stripped.cif,LOW,HIGH
2010,KOCPOI_stripped.cif,HIGH,HIGH
2011,KUTPEW_stripped.cif,HIGH,HIGH
2012,LADQOZ_stripped.cif,HIGH,HIGH
2013,LASWIN_stripped.cif,HIGH,HIGH
2014,LAVTEJ_stripped.cif,HIGH,HIGH
2015,LAWGEW_stripped.cif,LOW,LOW
2016,LAYQUA_stripped.cif,HIGH,HIGH
2017,LEJCEK_stripped.cif,LOW,LOW
2018,LOSCUT_stripped.cif,HIGH,HIGH
2019,MAHCEG_stripped.cif,LOW,LOW
2020,MATVAF_stripped.cif,HIGH,HIGH
2021,MECWIB_stripped.cif,LOW,LOW
2022,MEKKUL_stripped.cif,HIGH,HIGH
2023,METPIK_stripped.cif,LOW,LOW
2024,MIFSAX_stripped.cif,HIGH,HIGH
2025,MIJSII_stripped.cif,HIGH,HIGH
2026,MIXBAY_stripped.cif,HIGH,HIGH
2027,MOXDOT_stripped.cif,LOW,LOW
2028,NAPZOV_stripped.cif,HIGH,HIGH
2029,NATKOL_stripped.cif,HIGH,HIGH
2030,NAVJAW01_stripped.cif,HIGH,HIGH
2031,NEVVAM01_stripped.cif,LOW,LOW
2032,NIGGIU_stripped.cif,HIGH,HIGH
2033,NIMPOQ_stripped.cif,HIGH,HIGH
2034,NOCLOH02_stripped.cif,HIGH,HIGH
2035,NUHQOY_stripped.cif,HIGH,HIGH
2036,OBECIH_stripped.cif,HIGH,HIGH
2037,OCEYIH_stripped.cif,HIGH,HIGH
2038,OPIXUI_stripped.cif,HIGH,HIGH
2039,OTIQAL_stripped.cif,LOW,LOW
2040,OZAVOC_stripped.cif,HIGH,HIGH
2041,PASREJ_stripped.cif,LOW,LOW
2042,PELRIJ_stripped.cif,LOW,LOW
2043,PEYSIW_stripped.cif,LOW,LOW
2044,PIHWAG_stripped.cif,LOW,HIGH
2045,PIWGEI_stripped.cif,LOW,LOW
2046,PIZHUD_stripped.cif,HIGH,HIGH
2047,POBGOE02_stripped.cif,LOW,LOW
2048,PODXOX_stripped.cif,HIGH,LOW
2049,POLYOG_stripped.cif,LOW,LOW
2050,POTREX_stripped.cif,HIGH,LOW
2051,PUDSOX_stripped.cif,HIGH,HIGH
2052,PUZLUS_stripped.cif,LOW,LOW
2053,QAGWIG_stripped.cif,LOW,LOW
2054,QAGWOM_stripped.cif,LOW,HIGH
2055,QARLON_stripped.cif,LOW,LOW
2056,QARMAA_stripped.cif,LOW,LOW
2057,QATCUJ_stripped.cif,HIGH,HIGH
2058,QATHOK_stripped.cif,HIGH,HIGH
2059,QAWCIC_stripped.cif,HIGH,HIGH
2060,QEFZEJ_stripped.cif,LOW,LOW
2061,QEVLAF_stripped.cif,LOW,LOW
2062,QISNEN_stripped.cif,HIGH,HIGH
2063,QIZLOC_stripped.cif,LOW,HIGH
2064,QOWRAV05_stripped.cif,HIGH,HIGH
2065,QOWRAV08_stripped.cif,HIGH,HIGH
2066,QUDJEF_stripped.cif,HIGH,HIGH
2067,QUNVUS_stripped.cif,HIGH,HIGH
2068,RACHUA01_stripped.cif,LOW,LOW
2069,REXDEF_stripped.cif,LOW,LOW
2070,REXFUX_stripped.cif,LOW,LOW
2071,RIPKIM01_stripped.cif,LOW,LOW
2072,RIPRIT_stripped.cif,HIGH,HIGH
2073,RIYBIM_stripped.cif,LOW,LOW
2074,RONSIY_stripped.cif,LOW,LOW
2075,RUVKAV_stripped.cif,LOW,HIGH
2076,RUXBAP_stripped.cif,HIGH,LOW
2077,RUYQIN03_stripped.cif,HIGH,HIGH
2078,SARGUP_stripped.cif,LOW,LOW
2079,SEHXEJ_stripped.cif,HIGH,HIGH
2080,SEMNEF_stripped.cif,LOW,LOW
2081,SIKZES_stripped.cif,HIGH,HIGH
2082,SOHMEI_stripped.cif,LOW,LOW
2083,SUKYON_stripped.cif,HIGH,HIGH
2084,TADWIG_stripped.cif,HIGH,HIGH
2085,TAVCEB_stripped.cif,LOW,LOW
2086,TAYRET_stripped.cif,LOW,LOW
2087,TAZSAP02_stripped.cif,HIGH,HIGH
2088,TEJGIA01_stripped.cif,HIGH,HIGH
2089,TEPGUS_stripped.cif,LOW,LOW
2090,TISHAF_stripped.cif,HIGH,HIGH
2091,TOHQEO_stripped.cif,HIGH,HIGH
2092,TOHYUM_stripped.cif,HIGH,HIGH
2093,TUNJET_stripped.cif,LOW,LOW
2094,UHESOQ_stripped.cif,HIGH,HIGH
2095,ULISOZ_stripped.cif,LOW,LOW
2096,UQUVOS_stripped.cif,HIGH,HIGH
2097,UXEHEL_stripped.cif,LOW,LOW
2098,UZIJUJ_stripped.cif,HIGH,HIGH
2099,UZUPUB_stripped.cif,LOW,LOW
2100,VAVKEK_stripped.cif,LOW,LOW
2101,VETMIS_stripped.cif,LOW,LOW
2102,VETTOE_stripped.cif,HIGH,HIGH
2103,VIFBOD_stripped.cif,HIGH,HIGH
2104,VIYMAT_stripped.cif,HIGH,HIGH
2105,VOJGOS_stripped.cif,HIGH,HIGH
2106,VOKCOP_stripped.cif,LOW,LOW
2107,VOZVIR01_stripped.cif,LOW,LOW
2108,VUGXIG_stripped.cif,HIGH,HIGH
2109,WAMYAN_stripped.cif,HIGH,HIGH
2110,WEHJEA_stripped.cif,HIGH,HIGH
2111,WEMBUN_stripped.cif,HIGH,HIGH
2112,WEMPAF_stripped.cif,LOW,LOW
2113,WENKUX_stripped.cif,LOW,LOW
2114,WOFTIV_stripped.cif,LOW,LOW
2115,WOPSAX_stripped.cif,LOW,LOW
2116,WUVGUR_stripped.cif,LOW,LOW
2117,XAFFAN_stripped.cif,LOW,LOW
2118,XAKQUX_stripped.cif,LOW,HIGH
2119,XALXUF_stripped.cif,HIGH,HIGH
2120,XAMDUM04_stripped.cif,HIGH,HIGH
2121,XANLUV_stripped.cif,LOW,LOW
2122,XAPDEY_stripped.cif,LOW,LOW
2123,XEDPED_stripped.cif,LOW,LOW
2124,XEGJIE02_stripped.cif,LOW,LOW
2125,XEXLUJ_stripped.cif,LOW,LOW
2126,XIBCEQ_stripped.cif,LOW,LOW
2127,XICDUI_stripped.cif,LOW,HIGH
2128,XOFYOI_stripped.cif,LOW,LOW
2129,XUGTEY_stripped.cif,LOW,LOW
2130,XUKHUI_stripped.cif,HIGH,HIGH
2131,XUKNIC_stripped.cif,HIGH,HIGH
2132,XUZPIT01_stripped.cif,HIGH,HIGH
2133,YABHER_stripped.cif,HIGH,HIGH
2134,YACWIL_stripped.cif,HIGH,HIGH
2135,YARBUQ_stripped.cif,LOW,LOW
2136,YARFII01_stripped.cif,HIGH,LOW
2137,YEKJAC_stripped.cif,LOW,HIGH
2138,YINSUL_stripped.cif,LOW,LOW
2139,YUGLES_stripped.cif,HIGH,HIGH
2140,YUXGUU_stripped.cif,LOW,LOW
2141,ZILBIH_stripped.cif,HIGH,HIGH
2142,ZIVDIT_stripped.cif,LOW,LOW
2143,ABEXUC_stripped.cif,HIGH,HIGH
2144,ACOQEP_stripped.cif,HIGH,HIGH
2145,AGUVAA_stripped.cif,HIGH,HIGH
2146,AJIHOQ_stripped.cif,HIGH,HIGH
2147,ALEJEI_stripped.cif,HIGH,HIGH
2148,ALEJIM_stripped.cif,HIGH,HIGH
2149,AMIMAL_stripped.cif,LOW,LOW
2150,AMIMEP_stripped.cif,LOW,LOW
2151,APAYOH_stripped.cif,HIGH,HIGH
2152,AVEHAM_stripped.cif,LOW,LOW
2153,AVIHIY_stripped.cif,HIGH,HIGH
2154,AWEXOR_stripped.cif,LOW,LOW
2155,AYOHON_stripped.cif,HIGH,HIGH
2156,BAZFUF01_stripped.cif,LOW,LOW
2157,BAZGEQ_stripped.cif,LOW,LOW
2158,BOYTEQ_stripped.cif,LOW,LOW
2159,BUSNAF_stripped.cif,LOW,LOW
2160,CAFTAF_stripped.cif,LOW,LOW
2161,CAXQID_stripped.cif,LOW,HIGH
2162,CEDFIC_stripped.cif,HIGH,HIGH
2163,CEJBEA_stripped.cif,LOW,LOW
2164,CIFMIP_stripped.cif,HIGH,HIGH
2165,CITNOK_stripped.cif,LOW,LOW
2166,COJMOF01_stripped.cif,HIGH,HIGH
2167,COTVIS_stripped.cif,HIGH,HIGH
2168,DAKVOC_stripped.cif,HIGH,HIGH
2169,DALTAO_stripped.cif,HIGH,HIGH
2170,DAMYUO_stripped.cif,HIGH,HIGH
2171,DEJCIF_stripped.cif,HIGH,HIGH
2172,DELHUY01_stripped.cif,LOW,LOW
2173,DIDBOJ_stripped.cif,HIGH,HIGH
2174,DIKJEN_stripped.cif,HIGH,HIGH
2175,DIZQAG_stripped.cif,HIGH,HIGH
2176,DOJKAQ_stripped.cif,HIGH,HIGH
2177,DOKDEN_stripped.cif,LOW,LOW
2178,DOPHOH_stripped.cif,HIGH,HIGH
2179,DORNAB_stripped.cif,HIGH,HIGH
2180,DOTSOV03_stripped.cif,HIGH,HIGH
2181,DOTSOV13_stripped.cif,HIGH,HIGH
2182,DOTSOV16_stripped.cif,HIGH,HIGH
2183,DOTSOV17_stripped.cif,HIGH,HIGH
2184,DOTSOV26_stripped.cif,HIGH,HIGH
2185,DOTSOV28_stripped.cif,HIGH,HIGH
2186,DOTSOV38_stripped.cif,HIGH,HIGH
2187,EBEXEQ01_stripped.cif,HIGH,HIGH
2188,EBICUP_stripped.cif,LOW,LOW
2189,EGODEL_stripped.cif,HIGH,HIGH
2190,EPISOM_stripped.cif,HIGH,HIGH
2191,EQERIC_stripped.cif,HIGH,LOW
2192,ESUSOC02_stripped.cif,HIGH,LOW
2193,EYOCOM_stripped.cif,HIGH,HIGH
2194,FADZEP_stripped.cif,HIGH,HIGH
2195,FADZEP01_stripped.cif,HIGH,HIGH
2196,FAFMAC_stripped.cif,LOW,LOW
2197,FANWIC_stripped.cif,LOW,LOW
2198,FANWOI_stripped.cif,LOW,LOW
2199,FATKAO_stripped.cif,HIGH,HIGH
2200,FIFMOY_stripped.cif,LOW,LOW
2201,FOJLOH_stripped.cif,HIGH,HIGH
2202,FUFQUT_stripped.cif,LOW,HIGH
2203,FUNBEW_stripped.cif,LOW,HIGH
2204,FUNLAD_stripped.cif,LOW,LOW
2205,FUSMIQ_stripped.cif,HIGH,HIGH
2206,FUSMUC_stripped.cif,HIGH,HIGH
2207,GACYAN_stripped.cif,HIGH,LOW
2208,GAKBAX_stripped.cif,HIGH,HIGH
2209,GAMXAV_stripped.cif,HIGH,HIGH
2210,GEFZAV_stripped.cif,HIGH,HIGH
2211,GEVXIQ_stripped.cif,HIGH,HIGH
2212,GISNED_stripped.cif,LOW,LOW
2213,GURVIZ_stripped.cif,LOW,LOW
2214,GURYUP_stripped.cif,LOW,LOW
2215,GUXJUF_stripped.cif,LOW,LOW
2216,GUYJER_stripped.cif,HIGH,HIGH
2217,HABQUY_stripped.cif,LOW,LOW
2218,HAHZUM_stripped.cif,HIGH,HIGH
2219,HAYZAL_stripped.cif,HIGH,HIGH
2220,HIFGUA_stripped.cif,HIGH,HIGH
2221,HIFTOG01_stripped.cif,LOW,LOW
2222,HOYRAQ_stripped.cif,HIGH,LOW
2223,HOZBAB_stripped.cif,HIGH,HIGH
2224,HOZTOG_stripped.cif,LOW,LOW
2225,HUCGAO_stripped.cif,LOW,HIGH
2226,HURFEH_stripped.cif,LOW,HIGH
2227,IBUVUX_stripped.cif,LOW,LOW
2228,IBUYAH_stripped.cif,LOW,LOW
2229,ICONIY_stripped.cif,LOW,LOW
2230,IDORAW_stripped.cif,LOW,HIGH
2231,IGUBES01_stripped.cif,LOW,LOW
2232,IMIBOW_stripped.cif,LOW,LOW
2233,INOVEN_stripped.cif,HIGH,HIGH
2234,INUNAH_stripped.cif,LOW,LOW
2235,IPIJUM_stripped.cif,HIGH,HIGH
2236,IWELOM_stripped.cif,LOW,LOW
2237,IYESUC_stripped.cif,HIGH,HIGH
2238,IZESAJ_stripped.cif,LOW,LOW
2239,JAMPOF_stripped.cif,LOW,LOW
2240,JAMPUL_stripped.cif,LOW,LOW
2241,JAPYIL_stripped.cif,HIGH,HIGH
2242,JAPZEI_stripped.cif,HIGH,HIGH
2243,JEDQOY_stripped.cif,LOW,LOW
2244,JUYROM_stripped.cif,LOW,HIGH
2245,KABXIW_stripped.cif,HIGH,HIGH
2246,KABXOC_stripped.cif,HIGH,HIGH
2247,KEFBEE_stripped.cif,HIGH,HIGH
2248,KEWZOD_stripped.cif,HIGH,HIGH
2249,KOCPUO_stripped.cif,HIGH,HIGH
2250,KOSJAF_stripped.cif,LOW,LOW
2251,KOTSIX_stripped.cif,HIGH,HIGH
2252,KOYRAT_stripped.cif,LOW,LOW
2253,KUPTIA_stripped.cif,LOW,LOW
2254,LAFMOV_stripped.cif,HIGH,HIGH
2255,LARXUA_stripped.cif,LOW,LOW
2256,LAWXOZ_stripped.cif,LOW,LOW
2257,LEYREN_stripped.cif,LOW,LOW
2258,LOJLAZ01_stripped.cif,LOW,LOW
2259,LOTNOX_stripped.cif,HIGH,HIGH
2260,LUFNAC02_stripped.cif,HIGH,HIGH
2261,LUFNAC04_stripped.cif,HIGH,HIGH
2262,LUFNAC05_stripped.cif,HIGH,HIGH
2263,LUKLIN_stripped.cif,LOW,LOW
2264,LUSHOX02_stripped.cif,HIGH,HIGH
2265,LUSJOZ_stripped.cif,LOW,LOW
2266,MABKIK01_stripped.cif,LOW,LOW
2267,MEHMET_stripped.cif,LOW,LOW
2268,MIBQAR05_stripped.cif,LOW,LOW
2269,MIBQAR15_stripped.cif,LOW,LOW
2270,MIBQAR19_stripped.cif,LOW,LOW
2271,MIFTEC_stripped.cif,HIGH,HIGH
2272,MOJQOT_stripped.cif,LOW,LOW
2273,MUJYUN_stripped.cif,LOW,LOW
2274,NASZEO_stripped.cif,HIGH,HIGH
2275,NAVJAW_stripped.cif,HIGH,HIGH
2276,NEDVUP_stripped.cif,HIGH,HIGH
2277,NEHRIE_stripped.cif,LOW,LOW
2278,NEHZIK_stripped.cif,LOW,LOW
2279,NERMON_stripped.cif,HIGH,HIGH
2280,NIGFIT_stripped.cif,HIGH,HIGH
2281,NIMWAJ_stripped.cif,HIGH,HIGH
2282,NIRGIG_stripped.cif,HIGH,HIGH
2283,NOLXOD_stripped.cif,LOW,LOW
2284,NOPJOT_stripped.cif,HIGH,HIGH
2285,OBODEQ_stripped.cif,HIGH,HIGH
2286,ODEQAS_stripped.cif,LOW,LOW
2287,ODIPAS_stripped.cif,LOW,LOW
2288,OGEHOZ_stripped.cif,HIGH,HIGH
2289,OPIPOT_stripped.cif,LOW,LOW
2290,OSIXEU_stripped.cif,LOW,LOW
2291,OVICUS_stripped.cif,LOW,LOW
2292,OWABUK_stripped.cif,LOW,HIGH
2293,OXIRIY_stripped.cif,LOW,LOW
2294,OYAPUB_stripped.cif,LOW,LOW
2295,PAKFAL_stripped.cif,LOW,HIGH
2296,PASGAU_stripped.cif,LOW,LOW
2297,PIHJOH03_stripped.cif,LOW,LOW
2298,PIZPIX01_stripped.cif,HIGH,HIGH
2299,POHCOG_stripped.cif,LOW,LOW
2300,POSGOV_stripped.cif,HIGH,LOW
2301,PURQOJ_stripped.cif,LOW,HIGH
2302,QEDZEG_stripped.cif,LOW,LOW
2303,QIBTEA_stripped.cif,LOW,LOW
2304,QILFUO_stripped.cif,HIGH,HIGH
2305,QOCBEQ_stripped.cif,LOW,LOW
2306,QOZSIJ_stripped.cif,HIGH,HIGH
2307,RAMPAZ_stripped.cif,HIGH,HIGH
2308,RASNIL_stripped.cif,HIGH,HIGH
2309,RASNOR_stripped.cif,HIGH,HIGH
2310,RASNUX_stripped.cif,LOW,HIGH
2311,RAXYOF_stripped.cif,LOW,LOW
2312,RAZGOQ_stripped.cif,LOW,LOW
2313,REXFAD_stripped.cif,LOW,LOW
2314,RIFDUG01_stripped.cif,HIGH,HIGH
2315,RULGEM_stripped.cif,HIGH,HIGH
2316,SAHYIK_stripped.cif,LOW,LOW
2317,SAHYOQ04_stripped.cif,LOW,LOW
2318,SARBOE_stripped.cif,LOW,LOW
2319,SEHSUU_stripped.cif,HIGH,HIGH
2320,SEQSIS_stripped.cif,HIGH,HIGH
2321,SIKYIV_stripped.cif,HIGH,HIGH
2322,SISQES_stripped.cif,HIGH,HIGH
2323,SOCPUW_stripped.cif,HIGH,HIGH
2324,SOZHOG_stripped.cif,HIGH,HIGH
2325,SUWROT_stripped.cif,HIGH,LOW
2326,TARWEO_stripped.cif,HIGH,HIGH
2327,TITBOP_stripped.cif,LOW,LOW
2328,TUDMAH_stripped.cif,HIGH,HIGH
2329,TUXTUD_stripped.cif,LOW,LOW
2330,TUZVUH_stripped.cif,LOW,HIGH
2331,UHESIK_stripped.cif,HIGH,HIGH
2332,UPIBOM_stripped.cif,HIGH,HIGH
2333,UVUPUX_stripped.cif,LOW,LOW
2334,UXEHIP_stripped.cif,HIGH,LOW
2335,UZUNAF01_stripped.cif,LOW,LOW
2336,UZUNEJ_stripped.cif,LOW,LOW
2337,UZUPOV_stripped.cif,LOW,LOW
2338,VAGMIB01_stripped.cif,LOW,LOW
2339,VAHJEW_stripped.cif,LOW,HIGH
2340,VAHVOR_stripped.cif,HIGH,HIGH
2341,VAZZIG_stripped.cif,HIGH,HIGH
2342,VOSTUU_stripped.cif,HIGH,LOW
2343,VUDQOB_stripped.cif,HIGH,HIGH
2344,VUKTUS_stripped.cif,LOW,HIGH
2345,WANSIO_stripped.cif,LOW,LOW
2346,WEFXAI_stripped.cif,HIGH,LOW
2347,WEHHUO_stripped.cif,HIGH,HIGH
2348,WEMFEB_stripped.cif,HIGH,HIGH
2349,WEMFOL_stripped.cif,HIGH,HIGH
2350,WOBHEB_stripped.cif,HIGH,HIGH
2351,WOBHOL_stripped.cif,HIGH,HIGH
2352,WOFTAN_stripped.cif,LOW,LOW
2353,WOJZIG_stripped.cif,HIGH,HIGH
2354,WOPSAX01_stripped.cif,LOW,LOW
2355,XADDOX_stripped.cif,HIGH,HIGH
2356,XAFFER_stripped.cif,LOW,LOW
2357,XAHPON_stripped.cif,LOW,LOW
2358,XALMII_stripped.cif,HIGH,HIGH
2359,XAMDUM02_stripped.cif,HIGH,HIGH
2360,XAPCOH_stripped.cif,LOW,LOW
2361,XAWDUX01_stripped.cif,LOW,LOW
2362,XEBHOC_stripped.cif,LOW,LOW
2363,XILSAO01_stripped.cif,LOW,LOW
2364,XOKQUL_stripped.cif,HIGH,HIGH
2365,XOVZEO_stripped.cif,HIGH,HIGH
2366,XUZWAS_stripped.cif,LOW,LOW
2367,YODRAM_stripped.cif,LOW,HIGH
2368,YOLKUH01_stripped.cif,LOW,LOW
2369,YONNUL_stripped.cif,HIGH,HIGH
2370,YUPFEW_stripped.cif,LOW,LOW
2371,YURKIG_stripped.cif,HIGH,HIGH
2372,ZALZIY_stripped.cif,LOW,LOW
2373,ZAVQAQ_stripped.cif,HIGH,HIGH
2374,ZAVRAR_stripped.cif,HIGH,HIGH
2375,ZAVRIZ_stripped.cif,HIGH,HIGH
2376,ZAXSAV_stripped.cif,HIGH,HIGH
2377,ZECBOB_stripped.cif,HIGH,HIGH
2378,ZEVWUU_stripped.cif,LOW,HIGH
2379,ZIVDIT01_stripped.cif,LOW,LOW
2380,ZOXGOK_stripped.cif,HIGH,HIGH
