,MOF,TSN Class,TSN Class Prediction,HIGH Probability
0,ABEXEM_stripped.cif,HIGH,HIGH,0.924
1,ADAXIO_stripped.cif,LOW,LOW,0.0
2,ADIQEL_stripped.cif,LOW,LOW,0.054
3,AFEJOK_stripped.cif,HIGH,HIGH,0.928
4,AFIPAH_stripped.cif,HIGH,HIGH,0.982
5,AJIHOQ_stripped.cif,HIGH,HIGH,0.75
6,AJOTUQ_stripped.cif,HIGH,HIGH,0.984
7,ALEQIT_stripped.cif,LOW,HIGH,0.674
8,ALONOE_stripped.cif,LOW,LOW,0.004
9,AMAFUQ_stripped.cif,LOW,LOW,0.002
10,AMILOY_stripped.cif,LOW,LOW,0.234
11,ANUGOG_stripped.cif,HIGH,HIGH,0.684
12,APAYOH_stripped.cif,HIGH,HIGH,1.0
13,APAZOI_stripped.cif,HIGH,HIGH,1.0
14,AVUBIC_stripped.cif,LOW,LOW,0.448
15,AWEXUX_stripped.cif,LOW,LOW,0.002
16,AZUGOT_stripped.cif,LOW,LOW,0.138
17,BADXUC_stripped.cif,LOW,LOW,0.29
18,BADYAJ_stripped.cif,LOW,HIGH,0.588
19,BAYQOK_stripped.cif,LOW,LOW,0.218
20,BECTAH_stripped.cif,LOW,LOW,0.002
21,BEPMAM_stripped.cif,LOW,LOW,0.038
22,BONMEX_stripped.cif,HIGH,HIGH,0.82
23,BUSNAF_stripped.cif,LOW,LOW,0.002
24,CICROX01_stripped.cif,LOW,LOW,0.108
25,COGWUS_stripped.cif,LOW,LOW,0.082
26,CUKXOW_stripped.cif,HIGH,HIGH,0.98
27,CUQTEP_stripped.cif,HIGH,HIGH,0.958
28,DAWCIP_stripped.cif,HIGH,HIGH,0.988
29,DEJCEB_stripped.cif,HIGH,HIGH,1.0
30,DIDBAV_stripped.cif,HIGH,HIGH,0.906
31,DIDBEZ_stripped.cif,HIGH,HIGH,0.92
32,DIDDOK_stripped.cif,HIGH,LOW,0.23
33,DOJKAQ_stripped.cif,HIGH,HIGH,0.994
34,DOTSOV10_stripped.cif,HIGH,HIGH,1.0
35,DOTSOV12_stripped.cif,HIGH,HIGH,1.0
36,DOTSOV16_stripped.cif,HIGH,HIGH,1.0
37,DOTSOV18_stripped.cif,HIGH,HIGH,0.998
38,DOTSOV34_stripped.cif,HIGH,HIGH,1.0
39,DUMXEQ01_stripped.cif,LOW,LOW,0.004
40,EBEXEQ_stripped.cif,HIGH,HIGH,0.94
41,EJOQUR_stripped.cif,HIGH,HIGH,0.906
42,EQOXEN_stripped.cif,LOW,LOW,0.234
43,ERUGAZ_stripped.cif,LOW,LOW,0.414
44,ESUSOC_stripped.cif,HIGH,HIGH,0.93
45,ESUSOC02_stripped.cif,HIGH,LOW,0.466
46,ESUVAR_stripped.cif,HIGH,HIGH,0.596
47,ETIXIQ_stripped.cif,HIGH,HIGH,0.874
48,EVADIQ_stripped.cif,HIGH,HIGH,0.982
49,EVAKOB_stripped.cif,LOW,HIGH,0.612
50,EZILUV_stripped.cif,HIGH,LOW,0.476
51,EZIMIK_stripped.cif,HIGH,HIGH,0.604
52,EZUCIM_stripped.cif,HIGH,LOW,0.382
53,FAVGIV_stripped.cif,LOW,LOW,0.372
54,FECYUJ_stripped.cif,HIGH,HIGH,0.998
55,FIRNUR_stripped.cif,HIGH,HIGH,0.87
56,FIZQAI_stripped.cif,HIGH,HIGH,0.966
57,FIZYAQ_stripped.cif,LOW,LOW,0.022
58,FOKYEL_stripped.cif,HIGH,LOW,0.444
59,FONPUV_stripped.cif,LOW,HIGH,0.666
60,FUNBEW_stripped.cif,LOW,HIGH,0.686
61,FUNBIA_stripped.cif,LOW,LOW,0.218
62,GAJZEY_stripped.cif,HIGH,HIGH,0.98
63,GAJZOI_stripped.cif,HIGH,HIGH,0.962
64,GAMXAV_stripped.cif,HIGH,HIGH,0.91
65,GASROK_stripped.cif,LOW,LOW,0.002
66,GECXUH02_stripped.cif,HIGH,HIGH,0.996
67,GIFKUC_stripped.cif,HIGH,HIGH,0.8
68,GITWOX_stripped.cif,HIGH,HIGH,0.98
69,GUSMAJ_stripped.cif,LOW,LOW,0.0
70,GUSPUG_stripped.cif,LOW,LOW,0.486
71,GUYMAP_stripped.cif,LOW,LOW,0.184
72,HAHCUR_stripped.cif,LOW,LOW,0.018
73,HALVAU_stripped.cif,HIGH,HIGH,0.994
74,HEWFAR02_stripped.cif,HIGH,HIGH,0.97
75,HIFTOG_stripped.cif,HIGH,HIGH,0.956
76,HIFTOG02_stripped.cif,HIGH,HIGH,0.962
77,HIQVUZ_stripped.cif,HIGH,HIGH,0.988
78,HIQVUZ01_stripped.cif,HIGH,HIGH,0.986
79,HOWRUI_stripped.cif,HIGH,HIGH,0.82
80,HUFHOH_stripped.cif,HIGH,HIGH,0.806
81,IBUVUX_stripped.cif,LOW,LOW,0.018
82,IDORAW_stripped.cif,LOW,HIGH,0.532
83,IFAGON_stripped.cif,HIGH,HIGH,0.75
84,IPIJUM_stripped.cif,HIGH,HIGH,0.966
85,IZIHAC_stripped.cif,HIGH,HIGH,0.986
86,JEDQOY_stripped.cif,LOW,LOW,0.498
87,JEJWOL_stripped.cif,HIGH,HIGH,0.966
88,JODGAM_stripped.cif,LOW,LOW,0.004
89,JOGQON_stripped.cif,LOW,LOW,0.152
90,JOQRIS_stripped.cif,HIGH,HIGH,0.846
91,JUFBOD_stripped.cif,LOW,LOW,0.002
92,JUJVER_stripped.cif,LOW,LOW,0.02
93,JUMLEK_stripped.cif,LOW,LOW,0.294
94,KABTIS_stripped.cif,LOW,LOW,0.054
95,KABXES_stripped.cif,HIGH,HIGH,1.0
96,KAFTOD_stripped.cif,HIGH,HIGH,1.0
97,KALGEL_stripped.cif,LOW,LOW,0.372
98,KASLUO_stripped.cif,LOW,LOW,0.186
99,KEFZEC_stripped.cif,HIGH,LOW,0.268
100,KINFEU_stripped.cif,HIGH,HIGH,0.966
101,KUNSAP_stripped.cif,HIGH,HIGH,0.632
102,KUTNOE_stripped.cif,HIGH,HIGH,0.542
103,LARPEC_stripped.cif,HIGH,HIGH,0.998
104,LAWGEW_stripped.cif,LOW,LOW,0.252
105,LEVPAF_stripped.cif,LOW,LOW,0.01
106,LURRIA_stripped.cif,LOW,LOW,0.086
107,LUSJEP_stripped.cif,LOW,LOW,0.008
108,LUSJIT_stripped.cif,LOW,LOW,0.002
109,MAFJIO_stripped.cif,HIGH,HIGH,0.936
110,METNII_stripped.cif,LOW,LOW,0.12
111,METPIK_stripped.cif,LOW,LOW,0.12
112,MIBQAR_stripped.cif,LOW,LOW,0.0
113,MIBQAR16_stripped.cif,LOW,LOW,0.0
114,MIBQAR17_stripped.cif,LOW,LOW,0.0
115,MIFTIG_stripped.cif,HIGH,HIGH,0.558
116,MIFVEE_stripped.cif,LOW,LOW,0.36
117,MOCKAR_stripped.cif,HIGH,HIGH,0.852
118,MOLQEL_stripped.cif,HIGH,HIGH,0.998
119,MUMLIR_stripped.cif,LOW,LOW,0.002
120,MURTUO_stripped.cif,LOW,LOW,0.15
121,MUYKEX_stripped.cif,HIGH,HIGH,0.926
122,NATKOL_stripped.cif,HIGH,HIGH,0.982
123,NEGMIY_stripped.cif,LOW,LOW,0.0
124,NEHSIF_stripped.cif,LOW,LOW,0.0
125,NERMON_stripped.cif,HIGH,HIGH,0.718
126,NIGGAM_stripped.cif,HIGH,HIGH,1.0
127,NOCLOH_stripped.cif,HIGH,HIGH,0.966
128,NUCYAN_stripped.cif,LOW,HIGH,0.566
129,NUHQOY_stripped.cif,HIGH,HIGH,1.0
130,NULHEJ_stripped.cif,HIGH,HIGH,0.966
131,NUTQEZ_stripped.cif,HIGH,HIGH,0.662
132,OBAHAD_stripped.cif,LOW,LOW,0.302
133,OBAHEH_stripped.cif,LOW,LOW,0.142
134,OBEDAA_stripped.cif,HIGH,HIGH,0.752
135,ODIPAS01_stripped.cif,LOW,LOW,0.092
136,OFOCUI_stripped.cif,HIGH,HIGH,0.798
137,OGECOU_stripped.cif,HIGH,LOW,0.434
138,OHAHIP_stripped.cif,HIGH,HIGH,1.0
139,ONIXOZ_stripped.cif,HIGH,HIGH,0.694
140,OPIXUI_stripped.cif,HIGH,HIGH,0.786
141,OQIQEM_stripped.cif,LOW,HIGH,0.642
142,OWEYOF_stripped.cif,LOW,LOW,0.274
143,OXIRIY_stripped.cif,LOW,LOW,0.024
144,OYAPUB_stripped.cif,LOW,LOW,0.008
145,OYOSAX_stripped.cif,HIGH,HIGH,0.844
146,PARNON_stripped.cif,HIGH,HIGH,0.874
147,PEFRUP_stripped.cif,HIGH,HIGH,0.848
148,PEWXUL_stripped.cif,LOW,LOW,0.002
149,PIDMEV01_stripped.cif,HIGH,HIGH,0.986
150,PIHJOH_stripped.cif,LOW,LOW,0.0
151,PIHJOH03_stripped.cif,LOW,LOW,0.0
152,PIZHUD_stripped.cif,HIGH,HIGH,0.502
153,POHCOG_stripped.cif,LOW,LOW,0.098
154,POHCOG01_stripped.cif,LOW,LOW,0.106
155,QATVAL_stripped.cif,LOW,LOW,0.04
156,QISNIR_stripped.cif,HIGH,HIGH,1.0
157,QOWRAV02_stripped.cif,HIGH,HIGH,1.0
158,QOWRAV04_stripped.cif,HIGH,HIGH,1.0
159,RAHBUZ_stripped.cif,HIGH,HIGH,1.0
160,RASNIL_stripped.cif,HIGH,HIGH,0.622
161,RAWPOV_stripped.cif,HIGH,HIGH,0.812
162,RAYFAA_stripped.cif,HIGH,HIGH,0.634
163,ROFREL_stripped.cif,HIGH,HIGH,1.0
164,RORVAX_stripped.cif,HIGH,HIGH,0.996
165,ROYROO_stripped.cif,HIGH,HIGH,0.63
166,RUGZAW_stripped.cif,HIGH,HIGH,0.606
167,RUSXEK_stripped.cif,HIGH,HIGH,0.996
168,SACCAD_stripped.cif,LOW,LOW,0.006
169,SAHYOQ04_stripped.cif,LOW,LOW,0.006
170,SAPCOE_stripped.cif,LOW,LOW,0.0
171,SAQQIL_stripped.cif,HIGH,HIGH,0.99
172,SARGID_stripped.cif,LOW,LOW,0.002
173,SARTEN_stripped.cif,LOW,LOW,0.11
174,SATNOR01_stripped.cif,HIGH,HIGH,0.996
175,SEHZUB_stripped.cif,HIGH,HIGH,0.616
176,SIKYER_stripped.cif,HIGH,HIGH,0.998
177,SISPUH_stripped.cif,HIGH,HIGH,0.72
178,SIXFIQ01_stripped.cif,HIGH,LOW,0.216
179,SOCPUW_stripped.cif,HIGH,HIGH,0.97
180,SOKNEN_stripped.cif,HIGH,HIGH,0.998
181,SORZAC_stripped.cif,HIGH,HIGH,0.996
182,TAGSOL_stripped.cif,LOW,LOW,0.082
183,TAZSAP02_stripped.cif,HIGH,HIGH,0.848
184,UKOHIN_stripped.cif,HIGH,HIGH,0.97
185,UKUQAT_stripped.cif,HIGH,HIGH,0.83
186,UQUVOS_stripped.cif,HIGH,HIGH,0.948
187,UTAMAF_stripped.cif,LOW,LOW,0.088
188,UYAPOA_stripped.cif,HIGH,HIGH,0.866
189,VADZOQ_stripped.cif,LOW,LOW,0.266
190,VAGMEX_stripped.cif,LOW,LOW,0.086
191,VAGMIB_stripped.cif,LOW,LOW,0.02
192,VAHJEW_stripped.cif,LOW,HIGH,0.664
193,VEBXIK_stripped.cif,LOW,LOW,0.216
194,VECGOC_stripped.cif,HIGH,HIGH,0.936
195,VEDGAO_stripped.cif,LOW,LOW,0.206
196,VEJYIT_stripped.cif,LOW,LOW,0.33
197,VETMIS_stripped.cif,LOW,LOW,0.0
198,VIXPUP01_stripped.cif,HIGH,HIGH,0.938
199,VOCXUH_stripped.cif,HIGH,HIGH,0.93
200,VOLQOD_stripped.cif,HIGH,HIGH,0.896
201,VOMNES_stripped.cif,LOW,LOW,0.026
202,VOSTUU_stripped.cif,HIGH,LOW,0.362
203,VUGYED_stripped.cif,HIGH,HIGH,0.832
204,VUJBIM_stripped.cif,HIGH,HIGH,0.89
205,VUKTIG_stripped.cif,LOW,HIGH,0.6
206,VUSKIE_stripped.cif,LOW,LOW,0.246
207,WECFAN_stripped.cif,HIGH,HIGH,0.526
208,WEGGAS_stripped.cif,LOW,LOW,0.008
209,WEHHUO_stripped.cif,HIGH,HIGH,0.966
210,WEHSOT_stripped.cif,HIGH,HIGH,0.998
211,WIPFOS_stripped.cif,LOW,LOW,0.156
212,WIZDEP_stripped.cif,HIGH,HIGH,0.976
213,WOFTIV_stripped.cif,LOW,LOW,0.056
214,WUVGUR_stripped.cif,LOW,LOW,0.3
215,XACZEH_stripped.cif,LOW,LOW,0.41
216,XAFFAN_stripped.cif,LOW,LOW,0.006
217,XAKYUE_stripped.cif,LOW,LOW,0.078
218,XALMOO_stripped.cif,HIGH,HIGH,0.608
219,XAPCOH_stripped.cif,LOW,LOW,0.006
220,XEFXIS_stripped.cif,HIGH,LOW,0.04
221,XITYOP_stripped.cif,HIGH,HIGH,0.904
222,XOTWUZ_stripped.cif,HIGH,HIGH,0.96
223,XUDNUH_stripped.cif,LOW,HIGH,0.564
224,XUGSOH_stripped.cif,LOW,LOW,0.314
225,XUGSUN_stripped.cif,LOW,LOW,0.47
226,XUKNIC_stripped.cif,HIGH,HIGH,0.998
227,XUVPAH_stripped.cif,LOW,LOW,0.016
228,YARSAN_stripped.cif,LOW,LOW,0.012
229,YEMJAC_stripped.cif,HIGH,HIGH,0.988
230,YIHWAO_stripped.cif,HIGH,HIGH,0.814
231,YINSUL_stripped.cif,LOW,LOW,0.01
232,YOLKUH02_stripped.cif,LOW,LOW,0.03
233,YUGLES_stripped.cif,HIGH,HIGH,0.968
234,YUPFEW_stripped.cif,LOW,LOW,0.0
235,ZAVQAQ_stripped.cif,HIGH,HIGH,1.0
236,ZIVDIT01_stripped.cif,LOW,LOW,0.002
237,ZODPUF_stripped.cif,HIGH,HIGH,0.514
238,ZOHFUZ_stripped.cif,HIGH,HIGH,0.936
239,ACOFUU_stripped.cif,LOW,HIGH,0.544
240,AFITEP_stripped.cif,LOW,LOW,0.146
241,AFOVEX_stripped.cif,HIGH,HIGH,0.956
242,AGAXEL_stripped.cif,HIGH,HIGH,0.982
243,ALULAV_stripped.cif,HIGH,HIGH,0.894
244,AMAGAX_stripped.cif,LOW,LOW,0.0
245,AMOYOR_stripped.cif,LOW,LOW,0.004
246,AQUDIB_stripped.cif,LOW,LOW,0.232
247,ARUZEU_stripped.cif,HIGH,LOW,0.336
248,AWOFOI_stripped.cif,HIGH,HIGH,1.0
249,BAZFUF_stripped.cif,LOW,LOW,0.004
250,BOKQEZ_stripped.cif,HIGH,HIGH,0.9
251,BUKMUQ_stripped.cif,HIGH,HIGH,1.0
252,BUKSIL_stripped.cif,HIGH,HIGH,0.786
253,BUSNOU_stripped.cif,LOW,LOW,0.124
254,BUVWOF02_stripped.cif,LOW,LOW,0.0
255,CABJEX_stripped.cif,LOW,HIGH,0.518
256,CARJEN_stripped.cif,HIGH,HIGH,0.938
257,CAYDIR_stripped.cif,LOW,LOW,0.002
258,CIKJIR_stripped.cif,HIGH,HIGH,0.916
259,COTYIV_stripped.cif,LOW,LOW,0.132
260,CUPXOC_stripped.cif,LOW,LOW,0.002
261,DAKVOC_stripped.cif,HIGH,HIGH,0.974
262,DAKVUI_stripped.cif,HIGH,HIGH,0.982
263,DAXNOG01_stripped.cif,HIGH,HIGH,0.968
264,DAXNOG03_stripped.cif,HIGH,HIGH,0.97
265,DILJAL_stripped.cif,LOW,LOW,0.042
266,DIXGIC_stripped.cif,HIGH,HIGH,0.844
267,DOHCOU_stripped.cif,HIGH,HIGH,0.934
268,DOTSOV04_stripped.cif,HIGH,HIGH,1.0
269,DOTSOV20_stripped.cif,HIGH,HIGH,1.0
270,DUBJUH_stripped.cif,LOW,LOW,0.004
271,DUGFAO_stripped.cif,LOW,LOW,0.044
272,DUMXEQ_stripped.cif,LOW,LOW,0.01
273,EBEWIT_stripped.cif,HIGH,HIGH,0.91
274,EBEXAM_stripped.cif,HIGH,HIGH,0.88
275,EDEPAG_stripped.cif,HIGH,HIGH,0.974
276,EHONOG_stripped.cif,LOW,LOW,0.02
277,EMECUV_stripped.cif,LOW,LOW,0.034
278,EPAYOL_stripped.cif,LOW,LOW,0.026
279,EQERIC_stripped.cif,HIGH,LOW,0.264
280,EQOXIT_stripped.cif,LOW,HIGH,0.792
281,ERULEK_stripped.cif,HIGH,HIGH,0.548
282,ETEKAQ_stripped.cif,HIGH,HIGH,1.0
283,EVEPOK_stripped.cif,HIGH,HIGH,0.676
284,EVUQOC_stripped.cif,HIGH,HIGH,0.86
285,EWEVIL_stripped.cif,HIGH,HIGH,0.992
286,FAFROW_stripped.cif,HIGH,HIGH,0.99
287,FANWOI_stripped.cif,LOW,LOW,0.092
288,FEDBEX_stripped.cif,HIGH,HIGH,0.824
289,FERWAC_stripped.cif,HIGH,LOW,0.33
290,FEXCES_stripped.cif,HIGH,HIGH,0.976
291,FIFNUE01_stripped.cif,HIGH,HIGH,0.944
292,FIRNIF_stripped.cif,HIGH,HIGH,0.918
293,FITGEW_stripped.cif,HIGH,HIGH,0.74
294,FIZPOV_stripped.cif,HIGH,HIGH,0.998
295,FOKYIP_stripped.cif,HIGH,HIGH,0.96
296,FURQUF_stripped.cif,HIGH,HIGH,0.94
297,FUSMUC_stripped.cif,HIGH,HIGH,0.988
298,FUTZOK_stripped.cif,HIGH,HIGH,0.96
299,GAMFAE_stripped.cif,HIGH,HIGH,0.934
300,GAWMOJ_stripped.cif,HIGH,HIGH,0.916
301,GEVXIQ_stripped.cif,HIGH,HIGH,0.982
302,GOSKEG_stripped.cif,HIGH,HIGH,0.954
303,GOVSER_stripped.cif,HIGH,HIGH,0.614
304,GUKFAU_stripped.cif,HIGH,HIGH,0.956
305,GUNZAS_stripped.cif,HIGH,HIGH,0.976
306,GUYHUF_stripped.cif,HIGH,HIGH,0.676
307,HABREJ_stripped.cif,LOW,LOW,0.13
308,HAHCAX_stripped.cif,HIGH,HIGH,0.932
309,HIFGOU_stripped.cif,LOW,LOW,0.044
310,HIYGIH_stripped.cif,HIGH,HIGH,0.968
311,HOGSIG_stripped.cif,LOW,HIGH,0.8
312,HURFUX_stripped.cif,HIGH,HIGH,0.944
313,HUSJUC_stripped.cif,LOW,LOW,0.498
314,IFUNUU_stripped.cif,HIGH,HIGH,0.996
315,IGOJAR_stripped.cif,LOW,LOW,0.056
316,IHIMAP01_stripped.cif,HIGH,HIGH,0.764
317,IJISUQ_stripped.cif,LOW,LOW,0.304
318,ILUCOI_stripped.cif,LOW,LOW,0.004
319,IQOJAB_stripped.cif,HIGH,HIGH,0.642
320,ITITUC_stripped.cif,HIGH,HIGH,0.958
321,IZESAJ_stripped.cif,LOW,LOW,0.464
322,IZEWAN_stripped.cif,HIGH,HIGH,0.806
323,JAYDEV_stripped.cif,LOW,LOW,0.02
324,JEJWEB_stripped.cif,LOW,LOW,0.158
325,JOFKIA_stripped.cif,HIGH,LOW,0.368
326,JOXMUG_stripped.cif,LOW,LOW,0.008
327,JURYOM_stripped.cif,HIGH,HIGH,0.998
328,KALGAH_stripped.cif,HIGH,HIGH,0.698
329,KINDOC_stripped.cif,HIGH,HIGH,0.998
330,KINFAQ_stripped.cif,HIGH,HIGH,0.976
331,KIPKAX_stripped.cif,LOW,HIGH,0.754
332,KURSOH_stripped.cif,LOW,LOW,0.008
333,KUWCIQ_stripped.cif,HIGH,HIGH,0.958
334,LACQIS_stripped.cif,LOW,LOW,0.088
335,LATFUI_stripped.cif,LOW,LOW,0.0
336,LAVTAF_stripped.cif,HIGH,HIGH,0.99
337,LAVTOT_stripped.cif,HIGH,HIGH,0.984
338,LEJCEK_stripped.cif,LOW,LOW,0.026
339,LUFNAC_stripped.cif,HIGH,HIGH,0.99
340,LUSHOX03_stripped.cif,HIGH,HIGH,0.976
341,LUSHUD_stripped.cif,LOW,LOW,0.002
342,MABKIK_stripped.cif,LOW,LOW,0.0
343,MABKIK01_stripped.cif,LOW,LOW,0.004
344,MEKDIQ_stripped.cif,HIGH,HIGH,0.986
345,METPEG_stripped.cif,LOW,LOW,0.194
346,MIBQAR01_stripped.cif,LOW,LOW,0.0
347,MIBQAR13_stripped.cif,LOW,LOW,0.0
348,MIBQAR20_stripped.cif,LOW,LOW,0.0
349,MIFNUM_stripped.cif,LOW,LOW,0.296
350,MIJSII_stripped.cif,HIGH,HIGH,0.534
351,MILROQ_stripped.cif,LOW,HIGH,0.726
352,MINCUJ_stripped.cif,HIGH,HIGH,0.902
353,MIWJOT_stripped.cif,LOW,LOW,0.008
354,MUVROM_stripped.cif,LOW,LOW,0.212
355,NAFWUP_stripped.cif,LOW,LOW,0.006
356,NAJTEA_stripped.cif,HIGH,HIGH,0.996
357,NEHRUQ_stripped.cif,LOW,LOW,0.0
358,NENRIJ_stripped.cif,LOW,LOW,0.08
359,NENVAE_stripped.cif,LOW,LOW,0.0
360,NIBJAK_stripped.cif,LOW,LOW,0.046
361,NIMWOX_stripped.cif,HIGH,HIGH,0.97
362,NOFQEG_stripped.cif,LOW,LOW,0.034
363,NOLXIX_stripped.cif,LOW,LOW,0.0
364,NULHAF_stripped.cif,HIGH,HIGH,0.942
365,NULHIN_stripped.cif,HIGH,HIGH,0.944
366,ODIPAS_stripped.cif,LOW,LOW,0.116
367,OJIWAG_stripped.cif,HIGH,LOW,0.118
368,OQETEK_stripped.cif,HIGH,HIGH,0.914
369,OSIXIY_stripped.cif,LOW,LOW,0.006
370,OVAFOI_stripped.cif,HIGH,HIGH,1.0
371,OVAGAV_stripped.cif,HIGH,HIGH,0.996
372,OVICUS_stripped.cif,LOW,LOW,0.006
373,OWAXEQ_stripped.cif,HIGH,HIGH,1.0
374,PACZUQ_stripped.cif,HIGH,HIGH,0.882
375,PAKFAL_stripped.cif,LOW,HIGH,0.752
376,PIFPIE_stripped.cif,LOW,HIGH,0.526
377,PIMJIG_stripped.cif,HIGH,HIGH,0.902
378,PODKUQ_stripped.cif,LOW,LOW,0.214
379,PORVUO_stripped.cif,LOW,LOW,0.2
380,PUDSIR01_stripped.cif,HIGH,HIGH,1.0
381,PUFQUE_stripped.cif,HIGH,HIGH,0.59
382,PUGSIV_stripped.cif,LOW,HIGH,0.682
383,PUGSOB_stripped.cif,LOW,LOW,0.26
384,PUZLUS_stripped.cif,LOW,LOW,0.486
385,QADWUQ_stripped.cif,HIGH,HIGH,0.928
386,QAQNOO_stripped.cif,LOW,HIGH,0.846
387,QARPUX_stripped.cif,LOW,LOW,0.008
388,QARQIM_stripped.cif,LOW,LOW,0.002
389,QISNAJ_stripped.cif,HIGH,HIGH,0.998
390,QOFLAA_stripped.cif,HIGH,HIGH,0.748
391,QOWRAV06_stripped.cif,HIGH,HIGH,0.988
392,QUNVUS_stripped.cif,HIGH,LOW,0.438
393,QUVLAW_stripped.cif,LOW,LOW,0.188
394,QUZFUO_stripped.cif,LOW,LOW,0.004
395,RACHUA_stripped.cif,HIGH,HIGH,0.924
396,RAYLIO_stripped.cif,LOW,LOW,0.006
397,RAYMAH_stripped.cif,LOW,LOW,0.016
398,REDYIK_stripped.cif,LOW,LOW,0.036
399,REXFUX_stripped.cif,LOW,LOW,0.138
400,RIKFEY_stripped.cif,LOW,LOW,0.032
401,RITDEF_stripped.cif,LOW,LOW,0.042
402,ROFREL01_stripped.cif,HIGH,HIGH,1.0
403,ROGSAI_stripped.cif,HIGH,HIGH,0.906
404,RUBBOH_stripped.cif,HIGH,HIGH,0.95
405,RUXBET_stripped.cif,HIGH,HIGH,0.88
406,RUYQIN_stripped.cif,HIGH,HIGH,0.922
407,RUYQIN02_stripped.cif,HIGH,HIGH,0.986
408,RUYTUC_stripped.cif,HIGH,HIGH,0.984
409,RUYVAK_stripped.cif,HIGH,HIGH,0.894
410,SAHYIK_stripped.cif,LOW,LOW,0.094
411,SAHYOQ02_stripped.cif,LOW,LOW,0.0
412,SAKCIT_stripped.cif,LOW,LOW,0.006
413,SARBOE_stripped.cif,LOW,LOW,0.094
414,SEHXEJ_stripped.cif,HIGH,HIGH,1.0
415,SEQSOY_stripped.cif,HIGH,HIGH,0.984
416,SERCEZ_stripped.cif,HIGH,HIGH,0.964
417,SOJMAH_stripped.cif,HIGH,HIGH,0.992
418,SOPLEQ_stripped.cif,HIGH,HIGH,0.916
419,SOTWOP_stripped.cif,HIGH,HIGH,1.0
420,TABPEU_stripped.cif,LOW,LOW,0.362
421,TABPIY_stripped.cif,HIGH,HIGH,0.802
422,TADWIG_stripped.cif,HIGH,HIGH,0.656
423,TAMZUE_stripped.cif,HIGH,HIGH,0.88
424,TATZIA_stripped.cif,LOW,LOW,0.01
425,TEBSAW_stripped.cif,HIGH,HIGH,0.916
426,TIYZEG_stripped.cif,LOW,LOW,0.396
427,TONBII_stripped.cif,LOW,LOW,0.0
428,TOXYEM_stripped.cif,HIGH,HIGH,0.908
429,TUJGIQ_stripped.cif,LOW,LOW,0.018
430,TUXTUD_stripped.cif,LOW,LOW,0.09
431,UCEXOQ_stripped.cif,HIGH,HIGH,0.992
432,ULISOZ_stripped.cif,LOW,LOW,0.02
433,URUWAH_stripped.cif,HIGH,HIGH,0.826
434,UVUDUM_stripped.cif,LOW,LOW,0.102
435,UWAFUU_stripped.cif,LOW,LOW,0.226
436,UWELIS_stripped.cif,HIGH,HIGH,0.85
437,UXISUR_stripped.cif,HIGH,HIGH,0.99
438,VAZHOW_stripped.cif,LOW,LOW,0.05
439,VAZROF_stripped.cif,LOW,LOW,0.0
440,VEHJID01_stripped.cif,HIGH,HIGH,0.998
441,VOKMAL_stripped.cif,LOW,LOW,0.012
442,VONHOW_stripped.cif,HIGH,HIGH,0.966
443,VUGXIG_stripped.cif,HIGH,HIGH,0.768
444,VUGYAZ_stripped.cif,HIGH,HIGH,0.862
445,WECJAR_stripped.cif,LOW,LOW,0.0
446,WEFXIQ_stripped.cif,LOW,LOW,0.072
447,WEHHOI_stripped.cif,HIGH,HIGH,0.99
448,WEMBUN_stripped.cif,HIGH,HIGH,0.948
449,WENKOR_stripped.cif,LOW,LOW,0.186
450,WILNEM01_stripped.cif,LOW,LOW,0.078
451,WITJOA_stripped.cif,HIGH,HIGH,0.696
452,WIWKET_stripped.cif,LOW,LOW,0.096
453,WIZDAL_stripped.cif,HIGH,HIGH,0.986
454,WOBHIF_stripped.cif,HIGH,HIGH,0.966
455,WOFSUG_stripped.cif,LOW,LOW,0.0
456,WOPSAX_stripped.cif,LOW,LOW,0.0
457,WUDVEY_stripped.cif,LOW,LOW,0.226
458,WUPVEK_stripped.cif,HIGH,HIGH,0.97
459,XAFFOB_stripped.cif,LOW,LOW,0.026
460,XAFXOT_stripped.cif,HIGH,LOW,0.436
461,XAKQUX_stripped.cif,LOW,HIGH,0.532
462,XALXUF01_stripped.cif,HIGH,HIGH,0.932
463,XEGJUQ_stripped.cif,HIGH,HIGH,0.938
464,XOXGUN_stripped.cif,HIGH,HIGH,0.998
465,XUZPIT01_stripped.cif,HIGH,HIGH,0.836
466,YARFII02_stripped.cif,LOW,LOW,0.01
467,YAVVOJ_stripped.cif,HIGH,HIGH,0.996
468,YIHZEW_stripped.cif,HIGH,HIGH,0.942
469,YOLKOB_stripped.cif,LOW,LOW,0.028
470,YUTCAT_stripped.cif,LOW,LOW,0.174
471,YUXGUU_stripped.cif,LOW,LOW,0.006
472,YUXREQ_stripped.cif,LOW,LOW,0.498
473,ZATXUQ_stripped.cif,HIGH,HIGH,0.998
474,ZAVPET_stripped.cif,HIGH,HIGH,0.998
475,ZECBOB_stripped.cif,HIGH,HIGH,1.0
476,ZECKOJ_stripped.cif,HIGH,HIGH,0.65
477,ABEXUC_stripped.cif,HIGH,HIGH,0.946
478,ABIYIV_stripped.cif,HIGH,HIGH,0.996
479,AFOVAT_stripped.cif,HIGH,HIGH,0.954
480,AFUKAP_stripped.cif,LOW,LOW,0.352
481,AGAWUA_stripped.cif,HIGH,HIGH,0.998
482,AHOLAM_stripped.cif,HIGH,HIGH,0.832
483,AKAXOA_stripped.cif,LOW,LOW,0.108
484,AMILUE_stripped.cif,LOW,LOW,0.248
485,APAZAU_stripped.cif,HIGH,HIGH,0.994
486,APAZIC_stripped.cif,HIGH,HIGH,0.998
487,AZAVUU_stripped.cif,LOW,HIGH,0.536
488,BAKSIS_stripped.cif,LOW,HIGH,0.6
489,BEGZEU_stripped.cif,LOW,LOW,0.044
490,BEPMIU_stripped.cif,LOW,LOW,0.056
491,BEPVEZ_stripped.cif,LOW,LOW,0.026
492,BETGAK_stripped.cif,HIGH,HIGH,1.0
493,BEWSAY_stripped.cif,LOW,LOW,0.326
494,BEYSEF_stripped.cif,LOW,LOW,0.008
495,BIYVAI_stripped.cif,HIGH,HIGH,1.0
496,BOYTEQ_stripped.cif,LOW,LOW,0.0
497,BUGSIG_stripped.cif,HIGH,HIGH,0.978
498,BUKMUQ01_stripped.cif,HIGH,HIGH,1.0
499,BUQWER_stripped.cif,LOW,LOW,0.178
500,CAQHOU_stripped.cif,HIGH,HIGH,0.896
501,CIJBEE_stripped.cif,LOW,LOW,0.034
502,CIKJUD_stripped.cif,HIGH,HIGH,0.976
503,COJMOF_stripped.cif,HIGH,HIGH,0.888
504,COKNOH_stripped.cif,HIGH,HIGH,0.986
505,CUDZAE_stripped.cif,LOW,LOW,0.07
506,CUKYAJ_stripped.cif,HIGH,HIGH,0.96
507,CUQRIR_stripped.cif,HIGH,HIGH,0.902
508,CUYWUP_stripped.cif,HIGH,HIGH,0.974
509,DARQOF_stripped.cif,HIGH,HIGH,0.998
510,DAWBIO_stripped.cif,LOW,LOW,0.008
511,DAWJUI_stripped.cif,LOW,LOW,0.072
512,DECDAT_stripped.cif,HIGH,HIGH,0.84
513,DEJCIF_stripped.cif,HIGH,HIGH,0.684
514,DETHEQ_stripped.cif,LOW,LOW,0.228
515,DEYCAN_stripped.cif,LOW,LOW,0.012
516,DODMOZ_stripped.cif,HIGH,HIGH,0.966
517,DOHDAH_stripped.cif,HIGH,HIGH,0.982
518,DONXUB_stripped.cif,LOW,LOW,0.292
519,DOPHUN_stripped.cif,HIGH,HIGH,0.816
520,DOTSOV02_stripped.cif,HIGH,HIGH,1.0
521,DOTSOV05_stripped.cif,HIGH,HIGH,1.0
522,DUBKAO_stripped.cif,LOW,LOW,0.018
523,DUZPUL_stripped.cif,HIGH,HIGH,1.0
524,EBICUP_stripped.cif,LOW,LOW,0.008
525,EKEHUZ_stripped.cif,LOW,LOW,0.006
526,ELERIY_stripped.cif,HIGH,HIGH,0.91
527,EMITOK_stripped.cif,HIGH,HIGH,0.984
528,ESEDAJ_stripped.cif,LOW,LOW,0.006
529,EWUTEW_stripped.cif,LOW,LOW,0.096
530,EYOQAL_stripped.cif,LOW,LOW,0.052
531,FALTUK_stripped.cif,HIGH,HIGH,0.668
532,FAMQES_stripped.cif,HIGH,HIGH,0.908
533,FANPAO_stripped.cif,HIGH,HIGH,0.65
534,FAVGOB_stripped.cif,LOW,LOW,0.064
535,FAWSII_stripped.cif,LOW,LOW,0.406
536,FAXDAM_stripped.cif,LOW,LOW,0.134
537,FEWGAQ_stripped.cif,HIGH,HIGH,0.868
538,FIFMIS_stripped.cif,LOW,LOW,0.152
539,FIFMIS01_stripped.cif,LOW,LOW,0.146
540,FUFQUT_stripped.cif,LOW,HIGH,0.586
541,FURRAM_stripped.cif,HIGH,HIGH,0.93
542,FUSMEM_stripped.cif,HIGH,HIGH,0.844
543,FUTZOL_stripped.cif,LOW,LOW,0.01
544,GAJZAU_stripped.cif,HIGH,HIGH,0.974
545,GAKBAX_stripped.cif,HIGH,HIGH,0.99
546,GAMKUD_stripped.cif,HIGH,HIGH,0.958
547,GAYXUC_stripped.cif,LOW,LOW,0.076
548,GAZZIS01_stripped.cif,HIGH,HIGH,0.896
549,GECXUH_stripped.cif,HIGH,HIGH,0.998
550,GITVIP01_stripped.cif,LOW,HIGH,0.794
551,GUJYOB01_stripped.cif,HIGH,HIGH,0.928
552,GURYUP_stripped.cif,LOW,LOW,0.198
553,GUYLUI01_stripped.cif,LOW,LOW,0.002
554,HAFWAO_stripped.cif,LOW,LOW,0.372
555,HAYYOY_stripped.cif,LOW,LOW,0.036
556,HIFGUA_stripped.cif,HIGH,HIGH,0.766
557,HOHMIB_stripped.cif,LOW,LOW,0.408
558,HOWSAP_stripped.cif,HIGH,HIGH,0.692
559,HUCGAO_stripped.cif,LOW,HIGH,0.752
560,HUDWOU_stripped.cif,HIGH,HIGH,0.57
561,IFUPAC_stripped.cif,HIGH,HIGH,0.998
562,IKUTIT_stripped.cif,HIGH,HIGH,1.0
563,ILIMOH_stripped.cif,LOW,LOW,0.002
564,INUNAH_stripped.cif,LOW,LOW,0.0
565,IPIHUM_stripped.cif,LOW,LOW,0.014
566,IRIFIA_stripped.cif,HIGH,HIGH,0.97
567,IWELOM_stripped.cif,LOW,LOW,0.014
568,IYOCIK_stripped.cif,LOW,LOW,0.05
569,JASNAT_stripped.cif,LOW,LOW,0.048
570,KEFBII_stripped.cif,HIGH,HIGH,0.992
571,KOCPOI_stripped.cif,HIGH,HIGH,0.998
572,KOPZIA01_stripped.cif,LOW,LOW,0.012
573,KUWCEM_stripped.cif,HIGH,HIGH,0.866
574,LARPAY_stripped.cif,LOW,LOW,0.002
575,LASDEQ_stripped.cif,HIGH,HIGH,0.836
576,LAVTEJ_stripped.cif,HIGH,HIGH,0.998
577,LAYFOI_stripped.cif,LOW,LOW,0.01
578,LAYFUO_stripped.cif,LOW,LOW,0.118
579,LAYGAV_stripped.cif,LOW,LOW,0.032
580,LIQCUK_stripped.cif,LOW,LOW,0.012
581,LOJLAZ01_stripped.cif,LOW,LOW,0.122
582,LUFNIK_stripped.cif,HIGH,HIGH,0.968
583,MIBQAR06_stripped.cif,LOW,LOW,0.0
584,MIBQAR15_stripped.cif,LOW,LOW,0.0
585,MIXBAY_stripped.cif,HIGH,HIGH,0.766
586,MOWMUI_stripped.cif,HIGH,HIGH,0.86
587,MUJYUN_stripped.cif,LOW,LOW,0.0
588,NAKLIW_stripped.cif,HIGH,HIGH,0.99
589,NAVJAW_stripped.cif,HIGH,HIGH,0.994
590,NEQSUY01_stripped.cif,LOW,HIGH,0.814
591,NEVVAM01_stripped.cif,LOW,LOW,0.02
592,NIMPEG_stripped.cif,HIGH,HIGH,0.994
593,NIMPOQ_stripped.cif,HIGH,HIGH,0.634
594,NOPJOT_stripped.cif,HIGH,HIGH,0.998
595,NUCYER_stripped.cif,LOW,HIGH,0.53
596,OBAHOR_stripped.cif,LOW,LOW,0.15
597,ODILIW_stripped.cif,LOW,LOW,0.484
598,OKUKIQ_stripped.cif,HIGH,HIGH,0.92
599,OTOZII_stripped.cif,HIGH,HIGH,0.694
600,OYOWAC_stripped.cif,HIGH,HIGH,0.824
601,OZUKUR01_stripped.cif,LOW,LOW,0.014
602,PAPMAX_stripped.cif,LOW,HIGH,0.708
603,PASJIE_stripped.cif,HIGH,HIGH,0.584
604,PEKTUW_stripped.cif,LOW,LOW,0.192
605,PIHQUU01_stripped.cif,LOW,LOW,0.136
606,PIJROR_stripped.cif,LOW,HIGH,0.62
607,POHCOG02_stripped.cif,LOW,LOW,0.068
608,PUGSUH_stripped.cif,LOW,LOW,0.474
609,PUYREH01_stripped.cif,HIGH,HIGH,0.834
610,QADWEA_stripped.cif,HIGH,HIGH,0.894
611,QALGUH_stripped.cif,LOW,LOW,0.34
612,QARLUT_stripped.cif,LOW,LOW,0.018
613,QIQTAN_stripped.cif,LOW,HIGH,0.808
614,QOCBEQ_stripped.cif,LOW,LOW,0.342
615,QOQWOK_stripped.cif,HIGH,LOW,0.412
616,RASPAF_stripped.cif,HIGH,HIGH,0.954
617,RAXYOF_stripped.cif,LOW,LOW,0.002
618,RAZGOQ_stripped.cif,LOW,LOW,0.206
619,REHVEH_stripped.cif,LOW,LOW,0.0
620,REXFAD_stripped.cif,LOW,LOW,0.012
621,RICBEM_stripped.cif,LOW,LOW,0.026
622,RICZUA_stripped.cif,LOW,LOW,0.004
623,RIFDUG01_stripped.cif,HIGH,HIGH,0.99
624,RIKFAU_stripped.cif,LOW,LOW,0.038
625,RIPKIM01_stripped.cif,LOW,LOW,0.002
626,RIPRIT_stripped.cif,HIGH,HIGH,0.982
627,RIPRUF_stripped.cif,HIGH,HIGH,0.95
628,RIRDAZ_stripped.cif,LOW,LOW,0.33
629,ROGLOP_stripped.cif,LOW,LOW,0.218
630,ROHJUV_stripped.cif,HIGH,LOW,0.414
631,RUGXEY_stripped.cif,HIGH,LOW,0.222
632,RUWWUC_stripped.cif,HIGH,HIGH,0.986
633,SABWAV_stripped.cif,LOW,LOW,0.008
634,SATNOR02_stripped.cif,HIGH,HIGH,0.992
635,SAWRAM_stripped.cif,LOW,HIGH,0.816
636,SEHSOO_stripped.cif,HIGH,HIGH,0.998
637,SEMNEF_stripped.cif,LOW,LOW,0.326
638,SENWAL_stripped.cif,HIGH,HIGH,0.996
639,SIVQAR_stripped.cif,HIGH,HIGH,0.998
640,SOHNEJ_stripped.cif,LOW,LOW,0.008
641,SOKNIR_stripped.cif,HIGH,HIGH,0.942
642,SOPLAM_stripped.cif,HIGH,HIGH,0.876
643,TAGSOL01_stripped.cif,LOW,LOW,0.064
644,TAMHUM_stripped.cif,HIGH,HIGH,0.708
645,TANBIV_stripped.cif,HIGH,HIGH,0.906
646,TARWAK_stripped.cif,HIGH,LOW,0.424
647,TAYJEL_stripped.cif,LOW,HIGH,0.722
648,TENLIJ_stripped.cif,LOW,LOW,0.106
649,TEWGEJ_stripped.cif,HIGH,HIGH,0.51
650,TIGDOD_stripped.cif,LOW,LOW,0.348
651,TISHAF_stripped.cif,HIGH,HIGH,0.97
652,TORJOB_stripped.cif,HIGH,HIGH,0.974
653,TOVKEW_stripped.cif,HIGH,HIGH,0.648
654,TUZVUH_stripped.cif,LOW,HIGH,0.75
655,UCOJED_stripped.cif,LOW,LOW,0.016
656,UHESIK_stripped.cif,HIGH,HIGH,0.842
657,ULOFOR_stripped.cif,HIGH,HIGH,0.988
658,ULUVUT_stripped.cif,LOW,LOW,0.39
659,UQENIP_stripped.cif,HIGH,HIGH,0.794
660,UREVOE_stripped.cif,HIGH,HIGH,0.95
661,UVAPEN01_stripped.cif,LOW,LOW,0.0
662,UVUPOR_stripped.cif,HIGH,LOW,0.362
663,UVUQAE_stripped.cif,HIGH,HIGH,0.896
664,UXEHEL_stripped.cif,LOW,LOW,0.004
665,UZUNEJ_stripped.cif,LOW,LOW,0.0
666,VEGPOO_stripped.cif,HIGH,HIGH,0.884
667,VEGPUU_stripped.cif,HIGH,HIGH,0.936
668,VEHBUI_stripped.cif,HIGH,HIGH,0.93
669,VEHPUU_stripped.cif,LOW,LOW,0.002
670,VUKTUS_stripped.cif,LOW,HIGH,0.798
671,VULRAW01_stripped.cif,LOW,LOW,0.0
672,VUNYAF_stripped.cif,LOW,LOW,0.19
673,WAHGAQ_stripped.cif,LOW,LOW,0.014
674,WANJOL_stripped.cif,HIGH,HIGH,0.998
675,WATLAH_stripped.cif,LOW,LOW,0.066
676,WOBHOL_stripped.cif,HIGH,HIGH,0.986
677,WOFSOA_stripped.cif,LOW,LOW,0.0
678,WOPSAX02_stripped.cif,LOW,LOW,0.004
679,WOQTUT_stripped.cif,HIGH,HIGH,0.98
680,WOVDES_stripped.cif,LOW,LOW,0.074
681,WUCWIC_stripped.cif,LOW,LOW,0.05
682,WUTSEL_stripped.cif,LOW,LOW,0.022
683,XADDAJ01_stripped.cif,HIGH,HIGH,0.998
684,XALCAP_stripped.cif,LOW,LOW,0.204
685,XALDOE_stripped.cif,LOW,HIGH,0.612
686,XAMDUM02_stripped.cif,HIGH,HIGH,0.998
687,XAMDUM04_stripped.cif,HIGH,HIGH,0.928
688,XAMDUM05_stripped.cif,HIGH,HIGH,0.998
689,XAYMIW_stripped.cif,HIGH,HIGH,0.88
690,XEGJOK_stripped.cif,HIGH,HIGH,0.994
691,XEXMAQ_stripped.cif,LOW,LOW,0.038
692,XIBCEQ_stripped.cif,LOW,LOW,0.02
693,XICDUI_stripped.cif,LOW,HIGH,0.8
694,XOFYOI_stripped.cif,LOW,LOW,0.05
695,XOPVII_stripped.cif,LOW,LOW,0.074
696,XUGTIC_stripped.cif,LOW,LOW,0.332
697,XULDEP_stripped.cif,HIGH,HIGH,0.586
698,XUMDEQ_stripped.cif,HIGH,HIGH,0.994
699,XUZVUL_stripped.cif,LOW,LOW,0.036
700,YARBUQ_stripped.cif,LOW,LOW,0.232
701,YAVVUP_stripped.cif,HIGH,HIGH,0.97
702,YOZYOD_stripped.cif,HIGH,HIGH,0.998
703,YUSWIU_stripped.cif,HIGH,HIGH,0.99
704,ZAVQEU_stripped.cif,HIGH,HIGH,1.0
705,ZAVQUK_stripped.cif,HIGH,HIGH,1.0
706,ZEBBIU_stripped.cif,HIGH,LOW,0.254
707,ZEVWUU_stripped.cif,LOW,HIGH,0.698
708,ZEYCOX_stripped.cif,LOW,HIGH,0.82
709,ZEZQIG_stripped.cif,HIGH,HIGH,1.0
710,ZIKJIO_stripped.cif,HIGH,HIGH,0.986
711,ZIVFIV_stripped.cif,LOW,LOW,0.0
712,ZOHCEG_stripped.cif,LOW,LOW,0.28
713,ZOXGOK_stripped.cif,HIGH,HIGH,0.856
714,ZUQMAB_stripped.cif,LOW,LOW,0.242
715,ABEYEN_stripped.cif,HIGH,HIGH,0.976
716,AGAWOU_stripped.cif,HIGH,HIGH,0.964
717,AHORAR_stripped.cif,HIGH,HIGH,0.898
718,AKAYAN_stripped.cif,LOW,LOW,0.194
719,ATOBIW_stripped.cif,LOW,LOW,0.0
720,AVAGIP_stripped.cif,LOW,LOW,0.082
721,AVAKAL02_stripped.cif,LOW,LOW,0.004
722,AXIPEE02_stripped.cif,LOW,LOW,0.21
723,BAKJEE_stripped.cif,HIGH,HIGH,0.998
724,BAKJII_stripped.cif,HIGH,HIGH,0.81
725,BEDHOJ_stripped.cif,LOW,LOW,0.062
726,BEPVID_stripped.cif,LOW,LOW,0.054
727,BUVWOF03_stripped.cif,LOW,LOW,0.0
728,BUVYIB_stripped.cif,HIGH,HIGH,0.622
729,BUYDEG_stripped.cif,LOW,HIGH,0.816
730,CAQPUI_stripped.cif,LOW,LOW,0.416
731,CAVREY_stripped.cif,HIGH,HIGH,0.962
732,CAXTOM_stripped.cif,HIGH,HIGH,0.59
733,CAXZOS_stripped.cif,HIGH,HIGH,0.952
734,CAYDOX02_stripped.cif,LOW,LOW,0.002
735,CAYDOX03_stripped.cif,LOW,LOW,0.0
736,CAYDOX06_stripped.cif,LOW,LOW,0.0
737,CEJBEA_stripped.cif,LOW,LOW,0.002
738,CEYPUT_stripped.cif,LOW,LOW,0.014
739,DAMZOJ_stripped.cif,LOW,LOW,0.02
740,DAWKET_stripped.cif,LOW,LOW,0.002
741,DEPXAY_stripped.cif,HIGH,HIGH,1.0
742,DIBJIJ_stripped.cif,HIGH,HIGH,0.66
743,DINNIZ_stripped.cif,HIGH,HIGH,0.992
744,DIRPOL_stripped.cif,HIGH,LOW,0.408
745,DOKDEN_stripped.cif,LOW,LOW,0.298
746,DOTSOV06_stripped.cif,HIGH,HIGH,1.0
747,DOTSOV11_stripped.cif,HIGH,HIGH,1.0
748,DOTSOV24_stripped.cif,HIGH,HIGH,1.0
749,DOTSOV25_stripped.cif,HIGH,HIGH,0.984
750,DOTSOV27_stripped.cif,HIGH,HIGH,1.0
751,DOTSOV30_stripped.cif,HIGH,HIGH,1.0
752,DOTSOV31_stripped.cif,HIGH,HIGH,1.0
753,DOTSOV32_stripped.cif,HIGH,HIGH,1.0
754,DUHPUT01_stripped.cif,LOW,LOW,0.182
755,EBOXOI_stripped.cif,HIGH,HIGH,0.996
756,EJAXIW_stripped.cif,HIGH,HIGH,0.894
757,EMAMUC_stripped.cif,HIGH,HIGH,0.682
758,EMITUQ_stripped.cif,HIGH,HIGH,0.742
759,EMOGAQ_stripped.cif,LOW,LOW,0.036
760,EQUBIC_stripped.cif,HIGH,HIGH,0.744
761,EQUBOI_stripped.cif,HIGH,HIGH,0.76
762,EWALUK_stripped.cif,LOW,HIGH,0.792
763,EWUQIX_stripped.cif,LOW,LOW,0.002
764,EXEWAG_stripped.cif,LOW,LOW,0.226
765,EYOCOM_stripped.cif,HIGH,HIGH,1.0
766,EYOJOT_stripped.cif,HIGH,HIGH,0.974
767,FADZEP01_stripped.cif,HIGH,HIGH,0.956
768,FAPVAV_stripped.cif,HIGH,HIGH,0.636
769,FAQLER_stripped.cif,HIGH,HIGH,0.57
770,FIRNAX01_stripped.cif,HIGH,HIGH,0.96
771,FITGAS_stripped.cif,LOW,LOW,0.362
772,FOJLOH_stripped.cif,HIGH,HIGH,0.91
773,FONPOP_stripped.cif,LOW,LOW,0.03
774,FUSMIQ_stripped.cif,HIGH,HIGH,0.996
775,GARTIF_stripped.cif,HIGH,HIGH,0.94
776,GAZZIS02_stripped.cif,HIGH,HIGH,0.892
777,GEDRAK_stripped.cif,HIGH,HIGH,0.998
778,GEHXUP_stripped.cif,LOW,LOW,0.038
779,GIYJAB_stripped.cif,HIGH,HIGH,0.694
780,GOVXIA_stripped.cif,LOW,LOW,0.016
781,GUHPAC_stripped.cif,HIGH,HIGH,0.99
782,GUPBOJ01_stripped.cif,LOW,LOW,0.008
783,GURMOX_stripped.cif,HIGH,HIGH,0.98
784,HATGUF01_stripped.cif,HIGH,HIGH,0.756
785,HAYYUE_stripped.cif,HIGH,HIGH,0.902
786,HILKIY_stripped.cif,LOW,LOW,0.058
787,HOYRAQ_stripped.cif,HIGH,LOW,0.48
788,HUZXEH_stripped.cif,LOW,HIGH,0.788
789,ICONIY_stripped.cif,LOW,LOW,0.09
790,ILIMUN_stripped.cif,LOW,LOW,0.052
791,ILOJOJ_stripped.cif,LOW,LOW,0.032
792,IMULAD_stripped.cif,LOW,LOW,0.07
793,IPOZIW_stripped.cif,LOW,LOW,0.132
794,IPUPOA_stripped.cif,LOW,LOW,0.378
795,IQUMOY_stripped.cif,HIGH,HIGH,0.998
796,IRAXUV_stripped.cif,HIGH,HIGH,0.948
797,IROSAL_stripped.cif,LOW,LOW,0.272
798,IWELIG01_stripped.cif,LOW,LOW,0.006
799,IYESUC_stripped.cif,HIGH,HIGH,0.982
800,JASXEJ_stripped.cif,LOW,LOW,0.0
801,JECFON_stripped.cif,HIGH,HIGH,0.778
802,JOVCII_stripped.cif,HIGH,HIGH,0.856
803,JUGQOT_stripped.cif,HIGH,HIGH,1.0
804,KABXIW_stripped.cif,HIGH,HIGH,1.0
805,KAVNIH_stripped.cif,LOW,LOW,0.148
806,KEFBEE_stripped.cif,HIGH,HIGH,0.928
807,KEYFIF_stripped.cif,LOW,LOW,0.0
808,KIYQIU_stripped.cif,HIGH,HIGH,0.996
809,KOTSIX_stripped.cif,HIGH,HIGH,0.69
810,KULRIT_stripped.cif,HIGH,HIGH,0.938
811,KUPTIA_stripped.cif,LOW,LOW,0.27
812,KUQYUS_stripped.cif,LOW,LOW,0.004
813,KUTNIY_stripped.cif,HIGH,HIGH,0.702
814,KUTPAS_stripped.cif,HIGH,HIGH,0.854
815,LAVTEJ01_stripped.cif,LOW,LOW,0.124
816,LAZVOA_stripped.cif,HIGH,HIGH,0.806
817,LECQEQ_stripped.cif,HIGH,HIGH,0.892
818,LEJCIO_stripped.cif,LOW,LOW,0.012
819,LIHFAK_stripped.cif,LOW,LOW,0.076
820,LITCIC_stripped.cif,HIGH,HIGH,0.982
821,LOVVAV_stripped.cif,LOW,LOW,0.008
822,LUDLIH_stripped.cif,HIGH,HIGH,0.968
823,LUSHOX01_stripped.cif,HIGH,HIGH,0.974
824,LUSJAL_stripped.cif,LOW,LOW,0.024
825,MADVUJ_stripped.cif,LOW,LOW,0.002
826,MAKDUZ_stripped.cif,HIGH,HIGH,0.906
827,METMUT_stripped.cif,LOW,LOW,0.074
828,METPAC_stripped.cif,HIGH,HIGH,0.722
829,MIBQAR12_stripped.cif,LOW,LOW,0.008
830,MINCIX_stripped.cif,HIGH,HIGH,0.946
831,MIPNIK_stripped.cif,LOW,LOW,0.012
832,MOJQOT_stripped.cif,LOW,LOW,0.0
833,MUDTIP_stripped.cif,LOW,LOW,0.002
834,MUHKIJ_stripped.cif,LOW,LOW,0.01
835,MUJZAU_stripped.cif,LOW,LOW,0.006
836,NAJTAW_stripped.cif,HIGH,HIGH,0.998
837,NAKREZ_stripped.cif,HIGH,HIGH,0.926
838,NARTIL_stripped.cif,HIGH,LOW,0.052
839,NAWWUG_stripped.cif,HIGH,HIGH,0.834
840,NEBNOZ_stripped.cif,LOW,LOW,0.008
841,NEDVUP_stripped.cif,HIGH,HIGH,0.968
842,NEGTIF_stripped.cif,HIGH,HIGH,0.726
843,NEHRIE_stripped.cif,LOW,LOW,0.0
844,NIGFIT_stripped.cif,HIGH,HIGH,1.0
845,NUHYAS_stripped.cif,HIGH,HIGH,0.688
846,NUVYEK_stripped.cif,LOW,LOW,0.018
847,OGEBAF_stripped.cif,LOW,LOW,0.37
848,OGODOD_stripped.cif,HIGH,LOW,0.48
849,OVEFOM02_stripped.cif,LOW,LOW,0.092
850,OXEVOE_stripped.cif,LOW,LOW,0.002
851,PEKTOQ_stripped.cif,LOW,LOW,0.006
852,PEVQEO_stripped.cif,LOW,LOW,0.01
853,PIHWAG_stripped.cif,LOW,HIGH,0.508
854,PIMJOM_stripped.cif,HIGH,HIGH,0.998
855,PIWGEI_stripped.cif,LOW,LOW,0.052
856,POBGOE02_stripped.cif,LOW,LOW,0.066
857,PODXOX_stripped.cif,HIGH,HIGH,0.61
858,PUFQIS_stripped.cif,HIGH,HIGH,0.88
859,PUZWOY_stripped.cif,HIGH,HIGH,0.588
860,QANGOE_stripped.cif,HIGH,HIGH,0.864
861,QAQTEJ01_stripped.cif,LOW,HIGH,0.752
862,QARQAE_stripped.cif,LOW,LOW,0.0
863,QATHOK_stripped.cif,HIGH,HIGH,0.96
864,QAWCIC_stripped.cif,HIGH,HIGH,0.808
865,QEJBEP_stripped.cif,HIGH,HIGH,0.568
866,QIZLOC_stripped.cif,LOW,HIGH,0.81
867,QOWRAV10_stripped.cif,HIGH,HIGH,0.996
868,QUPDEL01_stripped.cif,HIGH,HIGH,0.976
869,QUSQIG_stripped.cif,LOW,LOW,0.038
870,RAJMIA_stripped.cif,HIGH,HIGH,0.94
871,RASNUX_stripped.cif,LOW,HIGH,0.82
872,RAWYAS_stripped.cif,LOW,HIGH,0.592
873,RONSIY_stripped.cif,LOW,LOW,0.044
874,RUGPAM_stripped.cif,HIGH,HIGH,0.806
875,RUYTOW_stripped.cif,HIGH,HIGH,0.748
876,SABWOJ_stripped.cif,LOW,LOW,0.044
877,SADLEQ_stripped.cif,HIGH,HIGH,0.988
878,SADLIU_stripped.cif,LOW,LOW,0.326
879,SADLOA_stripped.cif,HIGH,LOW,0.354
880,SAJDIT_stripped.cif,HIGH,HIGH,0.648
881,SARHEA_stripped.cif,LOW,LOW,0.012
882,SARNOQ_stripped.cif,LOW,LOW,0.192
883,SARSUC_stripped.cif,LOW,LOW,0.06
884,SIKYOB_stripped.cif,HIGH,HIGH,1.0
885,SIVGOV_stripped.cif,HIGH,HIGH,0.866
886,SOHMEI_stripped.cif,LOW,LOW,0.008
887,TARVUD_stripped.cif,HIGH,HIGH,0.644
888,TASXIW_stripped.cif,HIGH,HIGH,0.974
889,TAYRET_stripped.cif,LOW,LOW,0.242
890,TEJGIA01_stripped.cif,HIGH,HIGH,0.972
891,TEWFUY01_stripped.cif,HIGH,LOW,0.016
892,TOHYUM_stripped.cif,HIGH,HIGH,1.0
893,TUBJAD_stripped.cif,LOW,LOW,0.052
894,TUJDEJ_stripped.cif,LOW,LOW,0.002
895,UGORAL_stripped.cif,LOW,LOW,0.066
896,UJAQUS_stripped.cif,HIGH,HIGH,0.998
897,UKAQED_stripped.cif,HIGH,HIGH,0.998
898,UMIZIB_stripped.cif,LOW,LOW,0.126
899,USUBUG_stripped.cif,LOW,HIGH,0.592
900,UZIJUJ_stripped.cif,HIGH,HIGH,1.0
901,UZUNAF_stripped.cif,LOW,LOW,0.002
902,UZUPOV_stripped.cif,LOW,LOW,0.024
903,VADJAO_stripped.cif,LOW,LOW,0.002
904,VAGMAT_stripped.cif,LOW,LOW,0.018
905,VAGMOH_stripped.cif,LOW,HIGH,0.622
906,VALFUL_stripped.cif,LOW,LOW,0.002
907,VAMPOR_stripped.cif,HIGH,HIGH,0.988
908,VAZZIG_stripped.cif,HIGH,HIGH,0.97
909,VEDFER_stripped.cif,LOW,LOW,0.152
910,VIFBOD_stripped.cif,HIGH,HIGH,0.98
911,VIXCUB_stripped.cif,HIGH,HIGH,0.994
912,VIXPUP02_stripped.cif,HIGH,HIGH,0.944
913,VIYKEV_stripped.cif,HIGH,HIGH,0.95
914,VOKCOP_stripped.cif,LOW,LOW,0.01
915,VORSAY_stripped.cif,HIGH,LOW,0.462
916,VUDQOB_stripped.cif,HIGH,HIGH,0.984
917,WAGYUA_stripped.cif,LOW,LOW,0.056
918,WATKOU_stripped.cif,LOW,LOW,0.104
919,WEHSAF_stripped.cif,HIGH,HIGH,0.998
920,WILNEM_stripped.cif,LOW,LOW,0.068
921,WOBHIF01_stripped.cif,HIGH,HIGH,0.982
922,WOBHIF03_stripped.cif,HIGH,HIGH,0.984
923,WOJZEC_stripped.cif,HIGH,HIGH,0.998
924,WONKEQ_stripped.cif,HIGH,LOW,0.25
925,WOWNED_stripped.cif,LOW,LOW,0.006
926,XAFBAJ_stripped.cif,HIGH,HIGH,0.886
927,XAFFIV_stripped.cif,LOW,LOW,0.228
928,XAKZEP_stripped.cif,LOW,LOW,0.232
929,XALDAS_stripped.cif,HIGH,HIGH,0.944
930,XAMDUM07_stripped.cif,HIGH,HIGH,0.992
931,XAWDOR_stripped.cif,HIGH,HIGH,0.79
932,XAWVUN_stripped.cif,LOW,LOW,0.014
933,XEGRAF_stripped.cif,LOW,LOW,0.012
934,XEHXEP_stripped.cif,LOW,LOW,0.182
935,XEXLUJ_stripped.cif,LOW,LOW,0.04
936,XIHCEX_stripped.cif,LOW,LOW,0.284
937,XINRAP_stripped.cif,HIGH,HIGH,0.998
938,XOMCIN_stripped.cif,HIGH,HIGH,0.996
939,XOVZEO_stripped.cif,HIGH,HIGH,0.916
940,YAVWAW_stripped.cif,HIGH,HIGH,0.98
941,YECTEG_stripped.cif,LOW,LOW,0.462
942,YINSIZ01_stripped.cif,LOW,LOW,0.002
943,YONNUL_stripped.cif,HIGH,HIGH,0.644
944,YOPSUS_stripped.cif,LOW,LOW,0.136
945,YUNXIQ_stripped.cif,LOW,HIGH,0.796
946,YURKIG_stripped.cif,HIGH,HIGH,0.992
947,ZAVRIZ_stripped.cif,HIGH,HIGH,0.996
948,ZILBAZ_stripped.cif,HIGH,HIGH,0.838
949,ZIQCOT_stripped.cif,LOW,LOW,0.002
950,ZIVDIT_stripped.cif,LOW,LOW,0.0
951,ZOHCAC_stripped.cif,LOW,HIGH,0.562
952,ZUVXOF_stripped.cif,HIGH,HIGH,0.928
953,AFOTUL_stripped.cif,HIGH,HIGH,0.978
954,AFUPEX_stripped.cif,HIGH,HIGH,0.998
955,AHOZIG_stripped.cif,HIGH,HIGH,0.762
956,ATEXUU_stripped.cif,HIGH,HIGH,1.0
957,AVEHAM_stripped.cif,LOW,LOW,0.002
958,AVIMOI_stripped.cif,HIGH,HIGH,0.754
959,AWEXOR_stripped.cif,LOW,LOW,0.0
960,BASMUG_stripped.cif,LOW,LOW,0.108
961,BAXQAU_stripped.cif,LOW,LOW,0.08
962,BEQFEK_stripped.cif,LOW,LOW,0.03
963,BINRUN_stripped.cif,HIGH,HIGH,0.58
964,BODLAJ_stripped.cif,LOW,LOW,0.106
965,BOMCOX_stripped.cif,LOW,LOW,0.044
966,BOWDOI_stripped.cif,LOW,LOW,0.45
967,BUGSEC_stripped.cif,HIGH,HIGH,0.99
968,BUVXOG01_stripped.cif,LOW,LOW,0.0
969,CABJOH_stripped.cif,LOW,LOW,0.392
970,CAWDOU_stripped.cif,HIGH,HIGH,0.754
971,CAYDEN_stripped.cif,LOW,LOW,0.0
972,CAYDOX04_stripped.cif,LOW,LOW,0.0
973,CECVOX_stripped.cif,LOW,LOW,0.046
974,CEGDUO_stripped.cif,LOW,LOW,0.038
975,CEYYEL_stripped.cif,HIGH,LOW,0.42
976,CIDWIX_stripped.cif,LOW,LOW,0.042
977,CIKJOX_stripped.cif,HIGH,HIGH,0.984
978,CIWRUW_stripped.cif,LOW,LOW,0.1
979,COKQIE_stripped.cif,LOW,LOW,0.0
980,COWMOR_stripped.cif,HIGH,HIGH,1.0
981,CUGDIT_stripped.cif,LOW,LOW,0.056
982,CUQROX_stripped.cif,HIGH,HIGH,0.808
983,DAMQOY_stripped.cif,HIGH,HIGH,0.794
984,DAPPER_stripped.cif,LOW,LOW,0.494
985,DAWWEF_stripped.cif,HIGH,HIGH,0.982
986,DEGJEG_stripped.cif,LOW,LOW,0.014
987,DEHYEW_stripped.cif,HIGH,HIGH,0.998
988,DEYVUA_stripped.cif,HIGH,HIGH,0.64
989,DIZQAG_stripped.cif,HIGH,HIGH,0.908
990,DOTHUR_stripped.cif,LOW,LOW,0.328
991,DOTSOV13_stripped.cif,HIGH,HIGH,1.0
992,DOTSOV29_stripped.cif,HIGH,HIGH,1.0
993,DOTSOV33_stripped.cif,HIGH,HIGH,1.0
994,DOTSOV37_stripped.cif,HIGH,HIGH,1.0
995,DOTSOV39_stripped.cif,HIGH,HIGH,1.0
996,DOTSOV42_stripped.cif,HIGH,HIGH,0.918
997,EBIDAW_stripped.cif,HIGH,HIGH,0.65
998,EBOBIJ_stripped.cif,LOW,LOW,0.282
999,EFADEV_stripped.cif,LOW,LOW,0.344
1000,EGOKUH_stripped.cif,LOW,LOW,0.178
1001,EJIBOQ_stripped.cif,LOW,LOW,0.0
1002,EJUWIR_stripped.cif,LOW,HIGH,0.814
1003,EQEREY_stripped.cif,HIGH,LOW,0.25
1004,EQUBUO_stripped.cif,LOW,HIGH,0.806
1005,ERAJEO_stripped.cif,HIGH,HIGH,0.954
1006,ETEKEU_stripped.cif,HIGH,HIGH,1.0
1007,EVONOS_stripped.cif,LOW,LOW,0.004
1008,EWASIG_stripped.cif,HIGH,HIGH,0.998
1009,EWUSUL_stripped.cif,LOW,LOW,0.346
1010,EZIMEG_stripped.cif,HIGH,HIGH,0.562
1011,FAFMAC_stripped.cif,LOW,LOW,0.16
1012,FAQLER01_stripped.cif,HIGH,LOW,0.33
1013,FAVHAO_stripped.cif,LOW,LOW,0.084
1014,FELRAR_stripped.cif,HIGH,HIGH,0.916
1015,FIFPAM_stripped.cif,HIGH,HIGH,0.804
1016,FIPWUY_stripped.cif,LOW,LOW,0.12
1017,FIPXAF_stripped.cif,LOW,LOW,0.104
1018,FIRMUQ_stripped.cif,HIGH,HIGH,0.882
1019,FIRNAX_stripped.cif,HIGH,HIGH,0.958
1020,FOFCUA_stripped.cif,LOW,LOW,0.0
1021,FULQUZ_stripped.cif,HIGH,HIGH,0.948
1022,FUNLAD_stripped.cif,LOW,LOW,0.024
1023,FUSNEN_stripped.cif,HIGH,HIGH,0.958
1024,FUYDAG_stripped.cif,HIGH,HIGH,0.998
1025,GALCAZ_stripped.cif,LOW,LOW,0.004
1026,GALKEL_stripped.cif,LOW,LOW,0.002
1027,GARTAX_stripped.cif,HIGH,HIGH,0.96
1028,GAVYAG_stripped.cif,LOW,LOW,0.0
1029,GECXUH01_stripped.cif,HIGH,HIGH,0.992
1030,GEDDAW_stripped.cif,HIGH,HIGH,0.804
1031,GOTNEK_stripped.cif,HIGH,HIGH,0.708
1032,GUGNON_stripped.cif,HIGH,HIGH,0.722
1033,GUJYOB_stripped.cif,HIGH,HIGH,0.988
1034,GUPCEA_stripped.cif,LOW,LOW,0.162
1035,GURVIZ_stripped.cif,LOW,LOW,0.002
1036,GUYJER_stripped.cif,HIGH,HIGH,0.964
1037,HAHZUM_stripped.cif,HIGH,HIGH,0.942
1038,HEWFAR_stripped.cif,HIGH,HIGH,0.892
1039,HIFTOG01_stripped.cif,LOW,LOW,0.044
1040,ICUNIE_stripped.cif,HIGH,HIGH,0.964
1041,IGETUL_stripped.cif,HIGH,HIGH,0.812
1042,IJASAO_stripped.cif,LOW,LOW,0.024
1043,IJASOC_stripped.cif,HIGH,HIGH,1.0
1044,ILUDAV_stripped.cif,LOW,LOW,0.008
1045,INOVEN_stripped.cif,HIGH,HIGH,1.0
1046,IPIJEY_stripped.cif,HIGH,HIGH,0.69
1047,IQEKOG_stripped.cif,HIGH,HIGH,1.0
1048,IVITOY_stripped.cif,LOW,LOW,0.004
1049,IXAJUN_stripped.cif,HIGH,HIGH,0.556
1050,JAKPOD_stripped.cif,HIGH,HIGH,1.0
1051,JAPZIM_stripped.cif,HIGH,HIGH,1.0
1052,JAPZOS_stripped.cif,HIGH,HIGH,0.964
1053,JAXNUU_stripped.cif,LOW,LOW,0.024
1054,JOQSOZ_stripped.cif,HIGH,LOW,0.3
1055,KATVEH_stripped.cif,LOW,HIGH,0.556
1056,KEHTOJ_stripped.cif,HIGH,HIGH,0.88
1057,KEYFIF01_stripped.cif,LOW,LOW,0.0
1058,KIPJUQ_stripped.cif,HIGH,LOW,0.326
1059,KIYQOA_stripped.cif,HIGH,HIGH,0.85
1060,KOSMAI_stripped.cif,LOW,LOW,0.006
1061,KOYRAT_stripped.cif,LOW,LOW,0.34
1062,LACNUB_stripped.cif,HIGH,HIGH,0.9
1063,LODPOL_stripped.cif,LOW,LOW,0.196
1064,LOJLAZ_stripped.cif,LOW,LOW,0.014
1065,LOMLOO_stripped.cif,LOW,LOW,0.002
1066,LUDLED_stripped.cif,HIGH,HIGH,0.994
1067,LUDVOV_stripped.cif,LOW,HIGH,0.576
1068,LUFNAC02_stripped.cif,HIGH,HIGH,0.994
1069,LUFNAC04_stripped.cif,HIGH,HIGH,0.976
1070,LUSJOZ_stripped.cif,LOW,LOW,0.008
1071,LUWMEX_stripped.cif,HIGH,HIGH,1.0
1072,MAJPOD_stripped.cif,HIGH,HIGH,0.992
1073,MAQBIS_stripped.cif,HIGH,HIGH,0.508
1074,MATVEJ_stripped.cif,HIGH,HIGH,0.614
1075,MAYKOO_stripped.cif,HIGH,LOW,0.03
1076,MIBQAR02_stripped.cif,LOW,LOW,0.0
1077,MIDJIT_stripped.cif,HIGH,HIGH,0.93
1078,MIFSAX_stripped.cif,HIGH,HIGH,0.78
1079,MIMHOH_stripped.cif,HIGH,HIGH,0.814
1080,MOVPAO_stripped.cif,HIGH,HIGH,0.844
1081,MOXPIZ_stripped.cif,LOW,HIGH,0.7
1082,MUBXUD_stripped.cif,LOW,LOW,0.478
1083,NASZEO_stripped.cif,HIGH,HIGH,0.97
1084,NAVJAW01_stripped.cif,HIGH,HIGH,0.982
1085,NEQSUY_stripped.cif,HIGH,LOW,0.442
1086,NESTAI_stripped.cif,HIGH,HIGH,0.76
1087,NIGGEQ_stripped.cif,HIGH,HIGH,1.0
1088,NIYZIG_stripped.cif,HIGH,HIGH,0.894
1089,NOHFOG_stripped.cif,HIGH,HIGH,0.982
1090,NUCBIY_stripped.cif,LOW,LOW,0.14
1091,NUHRAL_stripped.cif,HIGH,HIGH,1.0
1092,NUTQAV_stripped.cif,HIGH,HIGH,0.978
1093,OBECIH_stripped.cif,HIGH,HIGH,0.6
1094,OBODEQ_stripped.cif,HIGH,HIGH,0.998
1095,OKIKEZ_stripped.cif,LOW,HIGH,0.68
1096,OLUCAZ_stripped.cif,HIGH,LOW,0.162
1097,ORIWET_stripped.cif,HIGH,HIGH,0.908
1098,OWITIY_stripped.cif,LOW,HIGH,0.718
1099,OZAVOC_stripped.cif,HIGH,HIGH,0.972
1100,OZOWIL_stripped.cif,LOW,HIGH,0.648
1101,PACHUZ_stripped.cif,LOW,LOW,0.146
1102,PAPRUU_stripped.cif,LOW,LOW,0.0
1103,PIHREF_stripped.cif,LOW,LOW,0.108
1104,PIZRIB_stripped.cif,LOW,LOW,0.022
1105,POLYOG_stripped.cif,LOW,LOW,0.004
1106,POTREX_stripped.cif,HIGH,LOW,0.362
1107,PUBDUN_stripped.cif,LOW,LOW,0.242
1108,PURQOJ_stripped.cif,LOW,HIGH,0.654
1109,PUZLOM_stripped.cif,LOW,LOW,0.082
1110,QAGWOM_stripped.cif,LOW,HIGH,0.5
1111,QEBGAH_stripped.cif,LOW,LOW,0.048
1112,QEDZEG_stripped.cif,LOW,LOW,0.004
1113,QILFUO_stripped.cif,HIGH,HIGH,0.964
1114,QOMFAA_stripped.cif,LOW,LOW,0.406
1115,QUDJIJ_stripped.cif,HIGH,HIGH,1.0
1116,QUNVOM_stripped.cif,HIGH,HIGH,0.862
1117,QUQBEL_stripped.cif,HIGH,LOW,0.476
1118,QUXLUR_stripped.cif,LOW,HIGH,0.602
1119,RATSAI_stripped.cif,HIGH,HIGH,0.868
1120,RAYKEJ_stripped.cif,LOW,LOW,0.018
1121,REXDOP_stripped.cif,LOW,LOW,0.314
1122,RIXBEG_stripped.cif,LOW,LOW,0.124
1123,RIYBOS_stripped.cif,LOW,LOW,0.022
1124,ROYRII_stripped.cif,HIGH,HIGH,0.736
1125,RUSWUZ_stripped.cif,HIGH,HIGH,0.99
1126,RUWWOW01_stripped.cif,HIGH,HIGH,0.984
1127,RUYQIN03_stripped.cif,HIGH,HIGH,0.968
1128,RUYQOT_stripped.cif,HIGH,HIGH,0.982
1129,SEQGUR_stripped.cif,LOW,LOW,0.006
1130,SEQSIS_stripped.cif,HIGH,HIGH,0.976
1131,SIKZAO_stripped.cif,HIGH,HIGH,1.0
1132,SURMEZ_stripped.cif,LOW,LOW,0.142
1133,SUWROT_stripped.cif,HIGH,LOW,0.238
1134,TARVOX_stripped.cif,HIGH,HIGH,0.628
1135,TISNUG_stripped.cif,LOW,HIGH,0.72
1136,TOHQEO_stripped.cif,HIGH,HIGH,0.628
1137,TOLGOR_stripped.cif,HIGH,HIGH,0.966
1138,TOLHAE_stripped.cif,HIGH,HIGH,0.574
1139,TURFAP_stripped.cif,LOW,LOW,0.004
1140,TUWVEO_stripped.cif,LOW,LOW,0.104
1141,UCEXIK_stripped.cif,HIGH,HIGH,0.994
1142,UFATEA01_stripped.cif,LOW,LOW,0.004
1143,UJEQOQ_stripped.cif,LOW,LOW,0.088
1144,UKUCAF_stripped.cif,LOW,LOW,0.038
1145,UNAZAL_stripped.cif,HIGH,HIGH,0.634
1146,UPIBOM_stripped.cif,HIGH,HIGH,1.0
1147,UPORIB_stripped.cif,HIGH,HIGH,0.798
1148,URIPIV_stripped.cif,LOW,LOW,0.002
1149,UVUPUX_stripped.cif,LOW,LOW,0.066
1150,UZOBOB_stripped.cif,LOW,LOW,0.254
1151,UZUPUB_stripped.cif,LOW,LOW,0.042
1152,VAGMIB01_stripped.cif,LOW,LOW,0.018
1153,VALVAI_stripped.cif,LOW,HIGH,0.564
1154,VAQXUJ_stripped.cif,LOW,HIGH,0.602
1155,VAYGAF_stripped.cif,LOW,LOW,0.032
1156,VUGXOM_stripped.cif,HIGH,HIGH,0.894
1157,VUGYIH_stripped.cif,HIGH,LOW,0.394
1158,VUJBEI_stripped.cif,HIGH,HIGH,0.932
1159,VULRAW_stripped.cif,LOW,LOW,0.0
1160,WAHFUJ_stripped.cif,LOW,LOW,0.012
1161,WAMREJ_stripped.cif,HIGH,LOW,0.248
1162,WANSIO_stripped.cif,LOW,LOW,0.068
1163,WEBTOP_stripped.cif,HIGH,HIGH,0.962
1164,WEHJAW_stripped.cif,HIGH,HIGH,0.928
1165,WEMFEB_stripped.cif,HIGH,HIGH,0.986
1166,WOBHEB01_stripped.cif,HIGH,HIGH,0.994
1167,WOJZOM_stripped.cif,HIGH,HIGH,0.968
1168,WONXED_stripped.cif,HIGH,HIGH,0.988
1169,XAKQOR_stripped.cif,LOW,LOW,0.434
1170,XALCET_stripped.cif,LOW,LOW,0.14
1171,XANLUV_stripped.cif,LOW,LOW,0.158
1172,XASPIT_stripped.cif,HIGH,HIGH,1.0
1173,XEGKEB_stripped.cif,HIGH,HIGH,0.902
1174,XEKMIL_stripped.cif,HIGH,HIGH,0.974
1175,XEXMEU_stripped.cif,LOW,LOW,0.154
1176,XIGXAO_stripped.cif,LOW,LOW,0.382
1177,XILSAO_stripped.cif,LOW,LOW,0.008
1178,XOXGIB_stripped.cif,HIGH,HIGH,0.998
1179,XOXGOH_stripped.cif,HIGH,HIGH,0.994
1180,XUGROI_stripped.cif,HIGH,HIGH,0.87
1181,XUMVEH_stripped.cif,HIGH,HIGH,1.0
1182,YARDUS_stripped.cif,LOW,HIGH,0.812
1183,YARFII01_stripped.cif,HIGH,LOW,0.33
1184,YAVVID_stripped.cif,HIGH,HIGH,0.96
1185,YEKJAC_stripped.cif,LOW,HIGH,0.624
1186,YEVPIZ_stripped.cif,HIGH,HIGH,0.898
1187,YUBBUT_stripped.cif,LOW,LOW,0.04
1188,YUZPOA_stripped.cif,HIGH,HIGH,0.886
1189,ZEZQEC_stripped.cif,HIGH,HIGH,1.0
1190,ZUBKEO_stripped.cif,LOW,LOW,0.0
1191,ACAJOF_stripped.cif,LOW,LOW,0.0
1192,ACIBEU_stripped.cif,HIGH,HIGH,0.962
1193,ACOQEP_stripped.cif,HIGH,HIGH,0.906
1194,ADODOO_stripped.cif,LOW,LOW,0.008
1195,AFEJIE_stripped.cif,LOW,LOW,0.346
1196,AFOTOF_stripped.cif,HIGH,HIGH,0.956
1197,AHAYOZ_stripped.cif,LOW,LOW,0.068
1198,AKAXIU_stripped.cif,LOW,LOW,0.098
1199,ALEJIM_stripped.cif,HIGH,HIGH,0.898
1200,ALUKOI_stripped.cif,HIGH,HIGH,0.97
1201,AMOFAK_stripped.cif,HIGH,HIGH,0.96
1202,APARAM_stripped.cif,HIGH,LOW,0.366
1203,APAYUN_stripped.cif,HIGH,HIGH,1.0
1204,ASOFUL_stripped.cif,LOW,LOW,0.05
1205,ATAJAI_stripped.cif,LOW,LOW,0.032
1206,ATEYIH_stripped.cif,HIGH,HIGH,0.778
1207,ATUYEU_stripped.cif,LOW,LOW,0.108
1208,AVEQID_stripped.cif,HIGH,HIGH,0.996
1209,BAVFIP_stripped.cif,HIGH,HIGH,0.824
1210,BAZFUF01_stripped.cif,LOW,LOW,0.006
1211,BAZGEQ_stripped.cif,LOW,LOW,0.064
1212,BEPLUF_stripped.cif,LOW,LOW,0.038
1213,BETFUD_stripped.cif,HIGH,HIGH,1.0
1214,BIJGUY_stripped.cif,LOW,LOW,0.362
1215,BIPKUI_stripped.cif,LOW,HIGH,0.55
1216,BUSMUY_stripped.cif,LOW,LOW,0.0
1217,CACKEZ_stripped.cif,LOW,LOW,0.204
1218,CETHEQ_stripped.cif,LOW,HIGH,0.65
1219,CICRIR_stripped.cif,LOW,LOW,0.43
1220,CIFBUQ_stripped.cif,HIGH,HIGH,0.996
1221,CIFGAB_stripped.cif,HIGH,HIGH,0.968
1222,CITXUZ_stripped.cif,HIGH,HIGH,0.722
1223,COJLIX_stripped.cif,LOW,LOW,0.02
1224,COJMOF01_stripped.cif,HIGH,HIGH,0.836
1225,COKMUM_stripped.cif,LOW,LOW,0.006
1226,COKNIB_stripped.cif,HIGH,HIGH,0.68
1227,COKNOH01_stripped.cif,HIGH,HIGH,0.978
1228,COWMIL_stripped.cif,HIGH,HIGH,1.0
1229,DAJBOH_stripped.cif,HIGH,HIGH,0.748
1230,DALSUH_stripped.cif,HIGH,HIGH,0.98
1231,DALTAO_stripped.cif,HIGH,HIGH,0.976
1232,DAWBOU_stripped.cif,LOW,LOW,0.0
1233,DECXOB_stripped.cif,LOW,LOW,0.036
1234,DEDGIF_stripped.cif,LOW,LOW,0.0
1235,DITNUR_stripped.cif,LOW,LOW,0.494
1236,DIXKOL_stripped.cif,HIGH,HIGH,0.792
1237,DODMIT_stripped.cif,LOW,HIGH,0.96
1238,DOTSOV09_stripped.cif,HIGH,HIGH,1.0
1239,DOTSOV17_stripped.cif,HIGH,HIGH,0.964
1240,DUBWON_stripped.cif,HIGH,HIGH,0.992
1241,EBEWOZ01_stripped.cif,LOW,LOW,0.092
1242,ECITIT_stripped.cif,LOW,LOW,0.0
1243,ECIWOC_stripped.cif,LOW,LOW,0.0
1244,EDUSIF_stripped.cif,LOW,LOW,0.086
1245,EJEBEB_stripped.cif,HIGH,HIGH,0.97
1246,EJOZOU_stripped.cif,LOW,LOW,0.08
1247,EMADUS_stripped.cif,LOW,LOW,0.246
1248,EMAMIQ_stripped.cif,HIGH,HIGH,0.894
1249,EPEXUT_stripped.cif,LOW,LOW,0.082
1250,EPEXUU_stripped.cif,LOW,LOW,0.232
1251,ERAQIZ_stripped.cif,HIGH,HIGH,0.738
1252,EWOFIH02_stripped.cif,LOW,LOW,0.0
1253,EZERUY_stripped.cif,LOW,LOW,0.026
1254,FAVGUH_stripped.cif,LOW,LOW,0.124
1255,FAVHES_stripped.cif,LOW,LOW,0.296
1256,FEBXIV_stripped.cif,LOW,LOW,0.006
1257,FIRNOL_stripped.cif,HIGH,HIGH,0.968
1258,FUBZAF_stripped.cif,LOW,LOW,0.004
1259,FURQOZ_stripped.cif,HIGH,HIGH,0.978
1260,FURQOZ01_stripped.cif,HIGH,HIGH,0.94
1261,FUSNAJ_stripped.cif,HIGH,HIGH,0.974
1262,GAHSIU_stripped.cif,LOW,HIGH,0.67
1263,GAJZIC_stripped.cif,HIGH,HIGH,0.99
1264,GAWZOW_stripped.cif,HIGH,HIGH,0.948
1265,GAXQIH_stripped.cif,LOW,LOW,0.002
1266,GEFZAU_stripped.cif,LOW,LOW,0.206
1267,GEPDAI_stripped.cif,LOW,LOW,0.004
1268,GOPCAR_stripped.cif,HIGH,LOW,0.444
1269,GUGKIE01_stripped.cif,LOW,LOW,0.012
1270,GUKZIW_stripped.cif,HIGH,HIGH,0.952
1271,GURYID_stripped.cif,LOW,LOW,0.0
1272,HAQRID_stripped.cif,HIGH,HIGH,0.91
1273,HATGUF_stripped.cif,HIGH,HIGH,0.894
1274,HOGLEV01_stripped.cif,HIGH,HIGH,0.864
1275,HOXKUB_stripped.cif,HIGH,HIGH,0.832
1276,HUFJEZ_stripped.cif,HIGH,HIGH,0.816
1277,HUTZAX01_stripped.cif,LOW,LOW,0.052
1278,IBUYAH_stripped.cif,LOW,LOW,0.008
1279,IGUBES01_stripped.cif,LOW,LOW,0.04
1280,IKETUO_stripped.cif,HIGH,HIGH,0.99
1281,ILUCIC_stripped.cif,LOW,LOW,0.002
1282,ILUCUO_stripped.cif,LOW,LOW,0.0
1283,IMIBOW_stripped.cif,LOW,LOW,0.002
1284,ITAHEQ_stripped.cif,LOW,LOW,0.0
1285,JAPYIL_stripped.cif,HIGH,HIGH,0.998
1286,JUWWIJ_stripped.cif,HIGH,HIGH,1.0
1287,JUZXEH_stripped.cif,HIGH,HIGH,0.97
1288,KALFEK_stripped.cif,HIGH,HIGH,0.678
1289,KALFIO_stripped.cif,HIGH,HIGH,0.524
1290,KEQDER_stripped.cif,HIGH,HIGH,0.858
1291,KIBDIJ_stripped.cif,HIGH,HIGH,0.956
1292,KIKFIV_stripped.cif,HIGH,HIGH,0.988
1293,KOQREP_stripped.cif,LOW,LOW,0.04
1294,KORNAI_stripped.cif,LOW,HIGH,0.658
1295,KOSKIO_stripped.cif,HIGH,HIGH,0.992
1296,KUTNUK_stripped.cif,LOW,HIGH,0.876
1297,LACFOM_stripped.cif,LOW,LOW,0.02
1298,LAFMOV_stripped.cif,HIGH,HIGH,0.924
1299,LAFMOV01_stripped.cif,HIGH,HIGH,0.882
1300,LAGCAZ_stripped.cif,LOW,LOW,0.212
1301,LAKFIN_stripped.cif,LOW,LOW,0.02
1302,LATFOC_stripped.cif,LOW,LOW,0.0
1303,LEDHIN_stripped.cif,LOW,LOW,0.082
1304,LELDUD_stripped.cif,LOW,LOW,0.01
1305,LEYREN_stripped.cif,LOW,LOW,0.03
1306,LODPOK_stripped.cif,HIGH,HIGH,0.814
1307,LUFNAC01_stripped.cif,HIGH,HIGH,0.986
1308,LUSYEF_stripped.cif,HIGH,HIGH,0.932
1309,MARXEK_stripped.cif,LOW,LOW,0.176
1310,MASQED_stripped.cif,LOW,LOW,0.098
1311,MATVAF_stripped.cif,HIGH,HIGH,0.71
1312,MAVNOO_stripped.cif,HIGH,HIGH,0.998
1313,METNUU_stripped.cif,LOW,LOW,0.05
1314,MIBQAR05_stripped.cif,LOW,LOW,0.0
1315,MIFSUR_stripped.cif,HIGH,HIGH,0.712
1316,MIXBEC_stripped.cif,LOW,HIGH,0.752
1317,MOXDOT_stripped.cif,LOW,LOW,0.024
1318,MULXOI_stripped.cif,HIGH,HIGH,0.844
1319,MUQSAU_stripped.cif,HIGH,HIGH,0.938
1320,NAGBUU_stripped.cif,HIGH,HIGH,0.576
1321,NASZAK_stripped.cif,HIGH,HIGH,0.998
1322,NATKIF_stripped.cif,LOW,LOW,0.248
1323,NEBYOK_stripped.cif,HIGH,HIGH,0.65
1324,NEHZIK_stripped.cif,LOW,LOW,0.002
1325,NEYBEZ_stripped.cif,LOW,LOW,0.008
1326,NIMJUP_stripped.cif,LOW,LOW,0.004
1327,NIMWAJ_stripped.cif,HIGH,HIGH,0.982
1328,NOLXOD_stripped.cif,LOW,LOW,0.0
1329,NUCCAR_stripped.cif,HIGH,HIGH,0.796
1330,NUHQIS_stripped.cif,HIGH,HIGH,0.998
1331,NULHOT_stripped.cif,HIGH,HIGH,0.98
1332,OKITAE_stripped.cif,HIGH,HIGH,0.768
1333,OLEYAH_stripped.cif,HIGH,HIGH,0.92
1334,OREFIC_stripped.cif,LOW,HIGH,0.534
1335,OSILOS_stripped.cif,LOW,LOW,0.0
1336,OTAWIR_stripped.cif,HIGH,HIGH,0.994
1337,OTIQAL_stripped.cif,LOW,LOW,0.02
1338,PASTOU_stripped.cif,HIGH,LOW,0.468
1339,PAYZEX_stripped.cif,LOW,LOW,0.042
1340,PEJRAZ_stripped.cif,HIGH,HIGH,0.684
1341,PIDMEV_stripped.cif,HIGH,HIGH,0.972
1342,POLMUZ_stripped.cif,LOW,LOW,0.012
1343,POSGOV_stripped.cif,HIGH,LOW,0.066
1344,POSGUB_stripped.cif,HIGH,LOW,0.056
1345,PUDSIR_stripped.cif,HIGH,HIGH,1.0
1346,PULMAM_stripped.cif,HIGH,LOW,0.254
1347,PUWDEQ_stripped.cif,LOW,LOW,0.062
1348,QADWIE_stripped.cif,HIGH,HIGH,0.702
1349,QADXAX_stripped.cif,HIGH,HIGH,0.75
1350,QAGWIG_stripped.cif,LOW,LOW,0.08
1351,QARLON_stripped.cif,LOW,HIGH,0.544
1352,QATCUJ_stripped.cif,HIGH,HIGH,0.928
1353,QEVLAF_stripped.cif,LOW,LOW,0.0
1354,QISNEN_stripped.cif,HIGH,HIGH,1.0
1355,QIVSEV_stripped.cif,LOW,LOW,0.002
1356,QIWSEU_stripped.cif,HIGH,HIGH,0.636
1357,QOKCID_stripped.cif,LOW,LOW,0.008
1358,QOQWOK01_stripped.cif,HIGH,HIGH,0.834
1359,QOWRAV05_stripped.cif,HIGH,HIGH,0.992
1360,QUQBAH_stripped.cif,HIGH,HIGH,0.898
1361,RACHUA01_stripped.cif,LOW,HIGH,0.548
1362,REFKOD_stripped.cif,LOW,HIGH,0.544
1363,REWNEO_stripped.cif,HIGH,HIGH,0.978
1364,REXDEF_stripped.cif,LOW,LOW,0.326
1365,ROGMEG_stripped.cif,LOW,LOW,0.29
1366,RUWXAJ_stripped.cif,HIGH,HIGH,0.974
1367,RUWZOA_stripped.cif,LOW,LOW,0.01
1368,RUWZUG_stripped.cif,LOW,LOW,0.014
1369,RUYQIN01_stripped.cif,HIGH,HIGH,0.96
1370,SAQQAD_stripped.cif,HIGH,HIGH,0.978
1371,SAQQEH_stripped.cif,HIGH,HIGH,0.986
1372,SARGUP_stripped.cif,LOW,LOW,0.004
1373,SARTAJ_stripped.cif,LOW,LOW,0.186
1374,SEMPIL_stripped.cif,HIGH,HIGH,1.0
1375,SIKZES_stripped.cif,HIGH,HIGH,0.998
1376,SISQES_stripped.cif,HIGH,HIGH,0.956
1377,SIXWON_stripped.cif,HIGH,HIGH,0.988
1378,SOZSIL_stripped.cif,HIGH,HIGH,0.978
1379,TAVCEB_stripped.cif,LOW,LOW,0.008
1380,TEQTEQ_stripped.cif,LOW,LOW,0.0
1381,TIRQOB_stripped.cif,HIGH,HIGH,0.916
1382,TUDMAH_stripped.cif,HIGH,HIGH,0.886
1383,UDIREF_stripped.cif,HIGH,HIGH,0.974
1384,UKUBOS_stripped.cif,LOW,LOW,0.09
1385,USOXEH_stripped.cif,LOW,LOW,0.484
1386,UVEVUN_stripped.cif,HIGH,HIGH,0.92
1387,UWAFOO_stripped.cif,LOW,LOW,0.39
1388,UWAGAB03_stripped.cif,LOW,LOW,0.464
1389,VEDFOB_stripped.cif,LOW,LOW,0.174
1390,VEDYAF_stripped.cif,LOW,HIGH,0.836
1391,VEHBOC_stripped.cif,HIGH,HIGH,0.92
1392,VIDXOX_stripped.cif,HIGH,HIGH,0.984
1393,VIYFUG_stripped.cif,HIGH,HIGH,1.0
1394,VOZVIR01_stripped.cif,LOW,LOW,0.32
1395,VUNYEJ_stripped.cif,LOW,LOW,0.138
1396,VURYOX_stripped.cif,LOW,LOW,0.002
1397,WADPAT_stripped.cif,HIGH,HIGH,0.5
1398,WAWLEO_stripped.cif,LOW,LOW,0.458
1399,WEHJEA_stripped.cif,HIGH,HIGH,0.99
1400,WEHSIN_stripped.cif,HIGH,HIGH,1.0
1401,WEMCAU_stripped.cif,HIGH,HIGH,0.954
1402,WENLAE_stripped.cif,LOW,LOW,0.1
1403,WITMAP_stripped.cif,HIGH,HIGH,0.696
1404,WOBHIF02_stripped.cif,HIGH,HIGH,0.984
1405,WOBHOM_stripped.cif,LOW,LOW,0.498
1406,WOPSOL01_stripped.cif,LOW,LOW,0.048
1407,WORREC_stripped.cif,HIGH,HIGH,0.968
1408,WUHJOY_stripped.cif,HIGH,HIGH,0.966
1409,XAHPON_stripped.cif,LOW,LOW,0.006
1410,XAKZOZ_stripped.cif,LOW,LOW,0.228
1411,XALMII_stripped.cif,HIGH,HIGH,0.938
1412,XAMDUM03_stripped.cif,HIGH,HIGH,0.952
1413,XAMDUM06_stripped.cif,HIGH,HIGH,0.994
1414,XEFXOY_stripped.cif,HIGH,HIGH,0.606
1415,YACWIL_stripped.cif,HIGH,HIGH,0.958
1416,YEBGOD_stripped.cif,HIGH,HIGH,1.0
1417,YINSUL01_stripped.cif,LOW,LOW,0.002
1418,YURKEC_stripped.cif,HIGH,HIGH,0.934
1419,ZALZOE_stripped.cif,LOW,LOW,0.008
1420,ZASVEW_stripped.cif,HIGH,LOW,0.108
1421,ZATYAX_stripped.cif,HIGH,HIGH,0.986
1422,ZAVRAR_stripped.cif,HIGH,HIGH,1.0
1423,ZAXSAV_stripped.cif,HIGH,HIGH,1.0
1424,ZAZBUZ_stripped.cif,HIGH,LOW,0.49
1425,ZEFDOG_stripped.cif,HIGH,HIGH,0.906
1426,ZOVQOS_stripped.cif,HIGH,HIGH,0.584
1427,ZUDQAS_stripped.cif,HIGH,HIGH,0.954
1428,ZUJKAS_stripped.cif,HIGH,HIGH,0.638
1429,ADASOP_stripped.cif,HIGH,HIGH,0.89
1430,AKAYIV_stripped.cif,LOW,LOW,0.018
1431,ALIXOJ_stripped.cif,HIGH,HIGH,0.984
1432,ALIXUP_stripped.cif,LOW,LOW,0.372
1433,AMOCAH_stripped.cif,LOW,LOW,0.252
1434,APAYIB_stripped.cif,HIGH,HIGH,1.0
1435,APEBEE_stripped.cif,HIGH,HIGH,0.862
1436,ARUZAQ_stripped.cif,LOW,HIGH,0.736
1437,ATESAV_stripped.cif,LOW,HIGH,0.526
1438,ATESEZ_stripped.cif,HIGH,HIGH,0.926
1439,AVAKEP02_stripped.cif,LOW,LOW,0.008
1440,AVAPIW_stripped.cif,LOW,LOW,0.0
1441,AWUNOX_stripped.cif,LOW,LOW,0.004
1442,BINROH_stripped.cif,HIGH,LOW,0.476
1443,BOQJOI_stripped.cif,LOW,LOW,0.062
1444,CAFTAF_stripped.cif,LOW,LOW,0.0
1445,CAJQEL_stripped.cif,HIGH,HIGH,0.716
1446,CAXQID_stripped.cif,LOW,HIGH,0.672
1447,CAXZUY_stripped.cif,HIGH,HIGH,0.568
1448,CEWDUF_stripped.cif,LOW,LOW,0.12
1449,CITNOK_stripped.cif,LOW,LOW,0.222
1450,CIWZIT_stripped.cif,LOW,LOW,0.004
1451,COKNIB02_stripped.cif,HIGH,HIGH,0.84
1452,COKNUN01_stripped.cif,HIGH,HIGH,0.94
1453,COKPID_stripped.cif,LOW,LOW,0.012
1454,COWMAD_stripped.cif,HIGH,HIGH,1.0
1455,CUKXUC_stripped.cif,HIGH,HIGH,0.974
1456,CUPWIV_stripped.cif,LOW,LOW,0.0
1457,CUPWOB_stripped.cif,LOW,LOW,0.0
1458,CUVGOQ_stripped.cif,LOW,LOW,0.26
1459,CUWNIT_stripped.cif,HIGH,HIGH,0.992
1460,DAMYUO_stripped.cif,HIGH,HIGH,0.956
1461,DAWBUA_stripped.cif,LOW,LOW,0.0
1462,DEPJIR02_stripped.cif,HIGH,HIGH,0.878
1463,DONKOI_stripped.cif,HIGH,HIGH,0.994
1464,DOPHOH_stripped.cif,HIGH,HIGH,0.82
1465,DOTSOV23_stripped.cif,HIGH,HIGH,1.0
1466,DOTSOV26_stripped.cif,HIGH,HIGH,1.0
1467,DOTSOV36_stripped.cif,HIGH,HIGH,1.0
1468,DOTSOV38_stripped.cif,HIGH,HIGH,1.0
1469,DOTSOV40_stripped.cif,HIGH,HIGH,1.0
1470,DOTSOV41_stripped.cif,HIGH,HIGH,1.0
1471,DUJDAP_stripped.cif,LOW,LOW,0.45
1472,DUPNUY_stripped.cif,HIGH,HIGH,0.896
1473,DURDIF_stripped.cif,HIGH,HIGH,0.998
1474,DUYPAQ_stripped.cif,HIGH,HIGH,0.684
1475,EGATOW_stripped.cif,HIGH,HIGH,0.994
1476,EMITUQ01_stripped.cif,LOW,LOW,0.468
1477,ENIHUG01_stripped.cif,HIGH,HIGH,0.662
1478,EPEWAY01_stripped.cif,LOW,LOW,0.0
1479,EQOCOC01_stripped.cif,LOW,HIGH,0.84
1480,ESIFIX_stripped.cif,LOW,LOW,0.046
1481,ETECOW_stripped.cif,LOW,LOW,0.47
1482,EYACOX_stripped.cif,HIGH,HIGH,1.0
1483,EZUBOR_stripped.cif,LOW,LOW,0.082
1484,FAHPOV_stripped.cif,LOW,LOW,0.468
1485,FAVHIW_stripped.cif,LOW,LOW,0.19
1486,FIFNUE_stripped.cif,HIGH,HIGH,0.956
1487,FIRPAZ_stripped.cif,HIGH,HIGH,0.82
1488,FOBNAN_stripped.cif,HIGH,HIGH,0.998
1489,FOCZAA_stripped.cif,LOW,LOW,0.01
1490,FOMWOV_stripped.cif,LOW,LOW,0.488
1491,FOYMAI_stripped.cif,HIGH,HIGH,0.97
1492,FURROA_stripped.cif,HIGH,HIGH,0.822
1493,FUSMOW_stripped.cif,HIGH,HIGH,0.99
1494,FUSNIR_stripped.cif,LOW,HIGH,0.594
1495,GARQEY_stripped.cif,LOW,LOW,0.128
1496,GEDSAL_stripped.cif,HIGH,HIGH,0.972
1497,GEDSUF_stripped.cif,HIGH,HIGH,1.0
1498,GISNED_stripped.cif,LOW,LOW,0.018
1499,GOKBUE_stripped.cif,LOW,LOW,0.308
1500,GUDJOG_stripped.cif,HIGH,HIGH,0.986
1501,GUJREK_stripped.cif,LOW,LOW,0.106
1502,HAHCEB_stripped.cif,LOW,LOW,0.126
1503,HEXVEM_stripped.cif,LOW,LOW,0.008
1504,HIQNEC_stripped.cif,HIGH,HIGH,0.732
1505,HUFHUN_stripped.cif,HIGH,LOW,0.35
1506,IJASAO01_stripped.cif,LOW,LOW,0.068
1507,IKEVAW_stripped.cif,HIGH,HIGH,0.99
1508,IKUTUF_stripped.cif,HIGH,HIGH,0.998
1509,INALOA_stripped.cif,LOW,LOW,0.0
1510,INECOV_stripped.cif,HIGH,HIGH,0.97
1511,IPUPIU_stripped.cif,LOW,HIGH,0.838
1512,IVUVIG_stripped.cif,HIGH,HIGH,0.988
1513,JEDQIS_stripped.cif,LOW,LOW,0.284
1514,JIVFUQ_stripped.cif,HIGH,LOW,0.402
1515,JOHFIW_stripped.cif,LOW,LOW,0.002
1516,JOVXOJ_stripped.cif,HIGH,HIGH,0.574
1517,JOVXUP_stripped.cif,HIGH,HIGH,0.52
1518,JUYROM_stripped.cif,LOW,HIGH,0.572
1519,KAHHIL_stripped.cif,HIGH,LOW,0.292
1520,KAJZIH_stripped.cif,HIGH,LOW,0.392
1521,KESGAS_stripped.cif,LOW,LOW,0.172
1522,KEWZOD_stripped.cif,HIGH,HIGH,0.522
1523,KOCPUO_stripped.cif,HIGH,HIGH,0.998
1524,KOZQEX_stripped.cif,LOW,LOW,0.214
1525,LAGDAB_stripped.cif,LOW,LOW,0.0
1526,LAGHOR_stripped.cif,LOW,LOW,0.006
1527,LASWIN_stripped.cif,HIGH,HIGH,0.664
1528,LAYQUA_stripped.cif,HIGH,HIGH,0.904
1529,LEBGEG_stripped.cif,HIGH,HIGH,0.986
1530,LEDHEJ_stripped.cif,LOW,LOW,0.148
1531,LEVPEJ_stripped.cif,LOW,LOW,0.0
1532,LEZZEX_stripped.cif,LOW,LOW,0.002
1533,LOTNOX_stripped.cif,HIGH,HIGH,0.696
1534,LUSHOX04_stripped.cif,HIGH,HIGH,0.98
1535,MADWEU_stripped.cif,LOW,LOW,0.012
1536,MAHCEG_stripped.cif,LOW,LOW,0.414
1537,MANDUD_stripped.cif,HIGH,HIGH,0.99
1538,MECWIB_stripped.cif,LOW,LOW,0.162
1539,MEGCOR_stripped.cif,HIGH,HIGH,0.922
1540,MIBQAR04_stripped.cif,LOW,LOW,0.002
1541,MIBQAR09_stripped.cif,LOW,LOW,0.0
1542,MIBQAR18_stripped.cif,LOW,LOW,0.0
1543,MOPFOO_stripped.cif,HIGH,HIGH,0.814
1544,NAFSOF_stripped.cif,LOW,LOW,0.064
1545,NAGQET_stripped.cif,LOW,LOW,0.032
1546,NATHUO_stripped.cif,HIGH,HIGH,0.84
1547,NEPWIQ_stripped.cif,HIGH,HIGH,0.984
1548,NIGFUF_stripped.cif,HIGH,HIGH,1.0
1549,NIGGIU_stripped.cif,HIGH,HIGH,0.994
1550,NIMPEG01_stripped.cif,HIGH,HIGH,0.896
1551,NINVAI_stripped.cif,HIGH,HIGH,0.974
1552,NIRGIG_stripped.cif,HIGH,HIGH,0.838
1553,NOCLOH01_stripped.cif,HIGH,HIGH,0.982
1554,NUBPIL_stripped.cif,LOW,LOW,0.328
1555,OCACUR_stripped.cif,HIGH,HIGH,1.0
1556,OHAGAH_stripped.cif,HIGH,HIGH,0.79
1557,OKIJOI_stripped.cif,HIGH,HIGH,0.756
1558,OKIRIK_stripped.cif,LOW,LOW,0.0
1559,ORIVOC_stripped.cif,HIGH,HIGH,0.982
1560,OSIXEU_stripped.cif,LOW,LOW,0.008
1561,OTOZOO_stripped.cif,HIGH,HIGH,0.698
1562,OWABUK_stripped.cif,LOW,HIGH,0.662
1563,OWIZAW_stripped.cif,LOW,LOW,0.054
1564,OZUKOL_stripped.cif,LOW,LOW,0.012
1565,PATWOY_stripped.cif,LOW,HIGH,0.918
1566,PEBXIF_stripped.cif,LOW,LOW,0.002
1567,PEJRIH_stripped.cif,HIGH,HIGH,0.834
1568,PEKTIK_stripped.cif,LOW,LOW,0.242
1569,PEKVEI_stripped.cif,LOW,LOW,0.204
1570,PELRIJ_stripped.cif,LOW,LOW,0.306
1571,PILNEF_stripped.cif,HIGH,HIGH,0.62
1572,PURJES_stripped.cif,HIGH,HIGH,0.974
1573,PURRUQ_stripped.cif,HIGH,HIGH,0.746
1574,QAQTEJ_stripped.cif,LOW,HIGH,0.53
1575,QAWCOI_stripped.cif,HIGH,HIGH,0.852
1576,QEHMUO_stripped.cif,LOW,LOW,0.214
1577,QOTZEG_stripped.cif,HIGH,HIGH,0.896
1578,QOWRAV12_stripped.cif,HIGH,HIGH,0.998
1579,QOZSIJ_stripped.cif,HIGH,HIGH,0.62
1580,QUZVEO_stripped.cif,HIGH,HIGH,0.918
1581,RASNOR_stripped.cif,HIGH,HIGH,0.9
1582,RATRUB_stripped.cif,HIGH,HIGH,0.834
1583,RAYKIN_stripped.cif,LOW,LOW,0.024
1584,RAYLOU_stripped.cif,LOW,LOW,0.004
1585,REQZEU_stripped.cif,LOW,HIGH,0.62
1586,REWNEO01_stripped.cif,HIGH,HIGH,0.908
1587,REXFEH_stripped.cif,LOW,LOW,0.0
1588,ROHKAC_stripped.cif,LOW,LOW,0.044
1589,RUBGOM_stripped.cif,LOW,LOW,0.036
1590,RUFRIV_stripped.cif,LOW,LOW,0.144
1591,RUHDEF_stripped.cif,LOW,LOW,0.164
1592,RUNYEG_stripped.cif,LOW,HIGH,0.658
1593,RUWWOW_stripped.cif,HIGH,HIGH,0.992
1594,RUYVIS_stripped.cif,LOW,LOW,0.162
1595,SABWID_stripped.cif,LOW,LOW,0.008
1596,SARGOJ_stripped.cif,LOW,LOW,0.008
1597,SEHSUU_stripped.cif,HIGH,HIGH,1.0
1598,SEHXIN_stripped.cif,HIGH,HIGH,0.986
1599,SEMFEX_stripped.cif,LOW,LOW,0.008
1600,SISQIW_stripped.cif,HIGH,HIGH,0.912
1601,SOCLIH_stripped.cif,LOW,HIGH,0.508
1602,SOCWIR_stripped.cif,HIGH,HIGH,0.868
1603,SOJSUH_stripped.cif,HIGH,HIGH,0.994
1604,SOKNOX_stripped.cif,HIGH,HIGH,0.934
1605,SOMJOV_stripped.cif,LOW,LOW,0.076
1606,SOTWUV_stripped.cif,HIGH,HIGH,1.0
1607,SOZHOG_stripped.cif,HIGH,HIGH,0.924
1608,TABPUK_stripped.cif,HIGH,HIGH,0.604
1609,TAMJEY_stripped.cif,LOW,HIGH,0.884
1610,TARWEO_stripped.cif,HIGH,HIGH,0.744
1611,TAYWUO_stripped.cif,LOW,LOW,0.286
1612,TEBYIK_stripped.cif,LOW,LOW,0.004
1613,TEPGUS_stripped.cif,LOW,LOW,0.014
1614,TIXCEK_stripped.cif,HIGH,HIGH,0.602
1615,TOPKEP_stripped.cif,HIGH,HIGH,0.982
1616,TORJAN_stripped.cif,HIGH,HIGH,0.928
1617,TUTGUL_stripped.cif,HIGH,HIGH,0.942
1618,UBULUA_stripped.cif,LOW,LOW,0.02
1619,UCOJIH_stripped.cif,LOW,LOW,0.006
1620,UFANIZ_stripped.cif,LOW,LOW,0.018
1621,UKAQAZ_stripped.cif,HIGH,HIGH,1.0
1622,ULUWOP_stripped.cif,HIGH,HIGH,0.992
1623,UVAPEN_stripped.cif,LOW,LOW,0.0
1624,UWAGAB01_stripped.cif,LOW,LOW,0.058
1625,UXEHIP_stripped.cif,HIGH,LOW,0.272
1626,VACFUB01_stripped.cif,LOW,LOW,0.008
1627,VAXJOW_stripped.cif,LOW,LOW,0.02
1628,VUHJAK_stripped.cif,LOW,LOW,0.176
1629,VURMOL_stripped.cif,HIGH,HIGH,0.624
1630,WAHGIY_stripped.cif,LOW,LOW,0.002
1631,WAJGAQ_stripped.cif,HIGH,HIGH,0.964
1632,WAQFIG_stripped.cif,HIGH,HIGH,0.998
1633,WEHQAC_stripped.cif,HIGH,HIGH,0.89
1634,WEMDOJ_stripped.cif,HIGH,HIGH,0.912
1635,WEMDUP_stripped.cif,HIGH,HIGH,0.962
1636,WOBHEB_stripped.cif,HIGH,HIGH,0.958
1637,WOFTAN_stripped.cif,LOW,LOW,0.0
1638,WOJZIG_stripped.cif,HIGH,HIGH,1.0
1639,WOPSAX01_stripped.cif,LOW,LOW,0.024
1640,WORLAS_stripped.cif,HIGH,HIGH,0.998
1641,WOYJIF_stripped.cif,HIGH,HIGH,0.994
1642,WUJFIR_stripped.cif,LOW,LOW,0.014
1643,XAHPED_stripped.cif,LOW,LOW,0.016
1644,XALXUF_stripped.cif,HIGH,HIGH,0.89
1645,XEDPED_stripped.cif,LOW,LOW,0.382
1646,XEXLIX_stripped.cif,LOW,LOW,0.0
1647,XILSAO01_stripped.cif,LOW,LOW,0.328
1648,XODGII_stripped.cif,LOW,HIGH,0.74
1649,XODGOO_stripped.cif,LOW,HIGH,0.738
1650,XODGUU_stripped.cif,LOW,HIGH,0.758
1651,XUGTEY_stripped.cif,LOW,LOW,0.32
1652,XUPCIU_stripped.cif,HIGH,HIGH,0.998
1653,YANMUY_stripped.cif,HIGH,HIGH,0.99
1654,YAQYEX_stripped.cif,HIGH,HIGH,0.92
1655,YATLEN_stripped.cif,LOW,LOW,0.334
1656,YATTUK_stripped.cif,HIGH,HIGH,1.0
1657,YEHQEK_stripped.cif,LOW,LOW,0.056
1658,YOLKUH01_stripped.cif,LOW,LOW,0.016
1659,YUKKAR_stripped.cif,LOW,LOW,0.094
1660,YUZPEQ_stripped.cif,HIGH,LOW,0.168
1661,ZAVQIY_stripped.cif,HIGH,HIGH,0.98
1662,ZAVQOE_stripped.cif,HIGH,HIGH,1.0
1663,ZECCAO_stripped.cif,HIGH,HIGH,1.0
1664,ZEZPUR_stripped.cif,HIGH,HIGH,0.998
1665,ZEZQAY_stripped.cif,HIGH,HIGH,1.0
1666,ZIKJOU_stripped.cif,HIGH,HIGH,0.81
1667,ABEXIQ_stripped.cif,HIGH,HIGH,0.946
1668,ABUWOJ_stripped.cif,HIGH,HIGH,0.992
1669,ADODII_stripped.cif,LOW,LOW,0.008
1670,AKUKUO_stripped.cif,LOW,LOW,0.038
1671,ALEJEI_stripped.cif,HIGH,HIGH,0.836
1672,ALUKIC_stripped.cif,HIGH,HIGH,0.928
1673,AMIMEP_stripped.cif,LOW,LOW,0.266
1674,ANUGEW_stripped.cif,LOW,LOW,0.002
1675,AQATER_stripped.cif,LOW,LOW,0.0
1676,AQOWIN_stripped.cif,HIGH,HIGH,0.994
1677,ARAJIO_stripped.cif,LOW,LOW,0.012
1678,ARAJOU_stripped.cif,LOW,LOW,0.018
1679,ASUWUI_stripped.cif,HIGH,HIGH,0.514
1680,AVIVAC_stripped.cif,LOW,HIGH,0.858
1681,AWIBAL_stripped.cif,LOW,HIGH,0.604
1682,AZEBUE_stripped.cif,LOW,HIGH,0.702
1683,BELTUJ_stripped.cif,HIGH,HIGH,0.912
1684,BEPMEQ_stripped.cif,LOW,LOW,0.072
1685,BODYID_stripped.cif,HIGH,HIGH,0.932
1686,BOKXOP_stripped.cif,LOW,LOW,0.108
1687,BOTCEU_stripped.cif,LOW,LOW,0.002
1688,BOVHEB_stripped.cif,LOW,LOW,0.338
1689,BUVYEX_stripped.cif,LOW,LOW,0.002
1690,CAYGIU_stripped.cif,LOW,LOW,0.0
1691,CEDFIC_stripped.cif,HIGH,HIGH,0.998
1692,CIFFUU_stripped.cif,HIGH,HIGH,0.994
1693,CIFMIP_stripped.cif,HIGH,HIGH,0.99
1694,CIXCAO_stripped.cif,LOW,LOW,0.004
1695,CODROD_stripped.cif,HIGH,HIGH,0.974
1696,COKNUN_stripped.cif,HIGH,HIGH,0.934
1697,COKNUN02_stripped.cif,HIGH,HIGH,0.918
1698,COQGAS_stripped.cif,LOW,LOW,0.004
1699,COTVIS_stripped.cif,HIGH,HIGH,0.994
1700,CUFGIV_stripped.cif,HIGH,HIGH,1.0
1701,CUQRUD_stripped.cif,HIGH,HIGH,0.996
1702,CUTFUT_stripped.cif,HIGH,HIGH,0.79
1703,DAMYOI_stripped.cif,HIGH,HIGH,0.988
1704,DAMZEZ_stripped.cif,LOW,LOW,0.012
1705,DAWCAH_stripped.cif,LOW,LOW,0.002
1706,DAYYIN_stripped.cif,LOW,LOW,0.078
1707,DECJED_stripped.cif,LOW,LOW,0.002
1708,DIKJEN_stripped.cif,HIGH,HIGH,0.976
1709,DOHCIO_stripped.cif,HIGH,HIGH,0.88
1710,DOHCUA_stripped.cif,HIGH,HIGH,0.962
1711,DORDUK_stripped.cif,LOW,LOW,0.068
1712,DORNAB_stripped.cif,HIGH,HIGH,0.982
1713,DOTSOV_stripped.cif,HIGH,HIGH,0.92
1714,DOTSOV01_stripped.cif,HIGH,HIGH,1.0
1715,DOTSOV03_stripped.cif,HIGH,HIGH,1.0
1716,DOTSOV22_stripped.cif,HIGH,HIGH,1.0
1717,DOTSOV35_stripped.cif,HIGH,HIGH,1.0
1718,DOTSOV43_stripped.cif,HIGH,HIGH,0.994
1719,EBEXEQ01_stripped.cif,HIGH,HIGH,0.98
1720,EBOCIK_stripped.cif,LOW,HIGH,0.51
1721,EDAJOJ_stripped.cif,HIGH,HIGH,0.89
1722,EGODEL_stripped.cif,HIGH,HIGH,0.618
1723,EMAMOW_stripped.cif,HIGH,HIGH,0.716
1724,ESUSAO_stripped.cif,HIGH,HIGH,0.784
1725,ESUSAO01_stripped.cif,HIGH,HIGH,0.772
1726,ESUSOC01_stripped.cif,HIGH,HIGH,0.878
1727,ETAXUT_stripped.cif,HIGH,HIGH,0.926
1728,EWEVAD_stripped.cif,HIGH,HIGH,0.996
1729,EYIYES_stripped.cif,HIGH,HIGH,1.0
1730,FABGUM_stripped.cif,LOW,LOW,0.02
1731,FAZPED_stripped.cif,LOW,LOW,0.406
1732,FECXAO_stripped.cif,HIGH,HIGH,0.936
1733,FESBIQ_stripped.cif,LOW,LOW,0.216
1734,FESCEN_stripped.cif,LOW,LOW,0.044
1735,FEVFUJ_stripped.cif,LOW,HIGH,0.932
1736,FISGOF_stripped.cif,LOW,LOW,0.062
1737,FOFCOU_stripped.cif,LOW,LOW,0.008
1738,FUDGES_stripped.cif,HIGH,HIGH,0.998
1739,FUNBOG_stripped.cif,LOW,HIGH,0.612
1740,FUNFOL_stripped.cif,LOW,HIGH,0.884
1741,GAZZIS_stripped.cif,HIGH,HIGH,0.758
1742,GAZZIS03_stripped.cif,HIGH,HIGH,0.91
1743,GUXJUF_stripped.cif,LOW,LOW,0.308
1744,GUYLOC_stripped.cif,LOW,LOW,0.272
1745,HACNIL_stripped.cif,LOW,LOW,0.34
1746,HAFPUB_stripped.cif,LOW,LOW,0.01
1747,HAKDUU_stripped.cif,LOW,LOW,0.25
1748,HAYZAL_stripped.cif,HIGH,HIGH,0.7
1749,HAZSIL_stripped.cif,HIGH,HIGH,0.94
1750,HIHJUF_stripped.cif,LOW,LOW,0.126
1751,HOZTOG_stripped.cif,LOW,LOW,0.168
1752,HUFHIB_stripped.cif,HIGH,HIGH,0.758
1753,HUQHUY_stripped.cif,LOW,HIGH,0.768
1754,HURGEH_stripped.cif,HIGH,HIGH,0.854
1755,ICAMEG_stripped.cif,HIGH,HIGH,0.932
1756,IGUKIG_stripped.cif,HIGH,LOW,0.234
1757,IKUTOZ_stripped.cif,HIGH,HIGH,0.998
1758,IVEGEV_stripped.cif,LOW,LOW,0.0
1759,JAPZAE_stripped.cif,HIGH,HIGH,1.0
1760,JODYIL_stripped.cif,LOW,LOW,0.132
1761,JOYKUF_stripped.cif,LOW,LOW,0.026
1762,JUMSOB_stripped.cif,LOW,LOW,0.178
1763,KABXOC_stripped.cif,HIGH,HIGH,1.0
1764,KANMIX_stripped.cif,LOW,HIGH,0.796
1765,KAXCUK_stripped.cif,LOW,LOW,0.016
1766,KEQJEX_stripped.cif,HIGH,LOW,0.318
1767,KIBDEF_stripped.cif,HIGH,HIGH,0.966
1768,KOJCUI_stripped.cif,LOW,LOW,0.004
1769,KOPHOO_stripped.cif,LOW,LOW,0.046
1770,KOSJAF_stripped.cif,LOW,LOW,0.032
1771,KUZZOW_stripped.cif,HIGH,HIGH,0.994
1772,LARXUA_stripped.cif,LOW,LOW,0.028
1773,LAVTIN_stripped.cif,HIGH,HIGH,0.984
1774,LAVTUZ_stripped.cif,LOW,LOW,0.302
1775,LENROM_stripped.cif,LOW,LOW,0.0
1776,LIDZOP_stripped.cif,LOW,LOW,0.0
1777,LUFQUZ02_stripped.cif,HIGH,LOW,0.484
1778,LUSHOX_stripped.cif,HIGH,HIGH,0.974
1779,LUSHOX02_stripped.cif,HIGH,HIGH,0.974
1780,MAHCIK_stripped.cif,HIGH,LOW,0.098
1781,MAHCOQ_stripped.cif,HIGH,LOW,0.08
1782,MEGXII_stripped.cif,LOW,LOW,0.016
1783,MIBQAR08_stripped.cif,LOW,LOW,0.0
1784,MIBQAR10_stripped.cif,LOW,LOW,0.0
1785,MIBQAR11_stripped.cif,LOW,LOW,0.0
1786,MIBQAR19_stripped.cif,LOW,LOW,0.0
1787,MIFTEC_stripped.cif,HIGH,HIGH,0.78
1788,MIJSEF_stripped.cif,LOW,LOW,0.008
1789,MINVUA02_stripped.cif,LOW,LOW,0.31
1790,MOVPOC_stripped.cif,HIGH,HIGH,0.734
1791,MOYWUT_stripped.cif,LOW,LOW,0.274
1792,MUDTAH_stripped.cif,HIGH,HIGH,0.914
1793,NESSOV_stripped.cif,HIGH,LOW,0.406
1794,NOCLOH02_stripped.cif,HIGH,HIGH,0.96
1795,OCEYIH_stripped.cif,HIGH,HIGH,0.848
1796,ODEJEO_stripped.cif,HIGH,HIGH,0.728
1797,OGEBAF01_stripped.cif,LOW,LOW,0.228
1798,OGEHIT_stripped.cif,HIGH,HIGH,0.728
1799,OHANAO_stripped.cif,LOW,LOW,0.006
1800,OJIWIO_stripped.cif,LOW,LOW,0.03
1801,OKABAE_stripped.cif,LOW,LOW,0.394
1802,OPIPOT_stripped.cif,LOW,LOW,0.026
1803,OPOBIF_stripped.cif,LOW,LOW,0.028
1804,OQIQIQ_stripped.cif,HIGH,HIGH,0.816
1805,OQIQUB_stripped.cif,LOW,LOW,0.316
1806,ORIVUI_stripped.cif,HIGH,HIGH,0.982
1807,ORIWAP_stripped.cif,HIGH,HIGH,0.95
1808,OXICEF_stripped.cif,LOW,LOW,0.122
1809,OYODEM_stripped.cif,LOW,LOW,0.044
1810,PARMIG_stripped.cif,LOW,LOW,0.012
1811,PASREJ_stripped.cif,LOW,LOW,0.046
1812,PEYSIW_stripped.cif,LOW,LOW,0.0
1813,PIXHOV_stripped.cif,LOW,LOW,0.1
1814,PUCFEZ_stripped.cif,HIGH,HIGH,0.982
1815,PUDSUD_stripped.cif,HIGH,HIGH,0.996
1816,QADWOK_stripped.cif,HIGH,HIGH,0.906
1817,QAGDIO_stripped.cif,HIGH,HIGH,0.598
1818,QATDAQ_stripped.cif,HIGH,HIGH,0.762
1819,QIBTEA_stripped.cif,LOW,LOW,0.164
1820,QIXNIW_stripped.cif,HIGH,HIGH,0.962
1821,QOHTUD_stripped.cif,HIGH,HIGH,0.876
1822,QOMFEE_stripped.cif,HIGH,HIGH,0.8
1823,QOPTUM_stripped.cif,LOW,HIGH,0.77
1824,QUDJEF_stripped.cif,HIGH,HIGH,0.998
1825,RAYDAX_stripped.cif,HIGH,HIGH,0.91
1826,RAYLAG_stripped.cif,LOW,LOW,0.032
1827,REGREC_stripped.cif,HIGH,HIGH,0.998
1828,RELLAW_stripped.cif,HIGH,HIGH,0.884
1829,REXCOO_stripped.cif,LOW,LOW,0.012
1830,REXDIJ_stripped.cif,LOW,HIGH,0.55
1831,RIWMUH_stripped.cif,HIGH,HIGH,0.7
1832,RULDOT01_stripped.cif,LOW,HIGH,0.686
1833,RUWZIU_stripped.cif,LOW,LOW,0.024
1834,RUYTIQ_stripped.cif,HIGH,HIGH,0.858
1835,SAHYOQ_stripped.cif,LOW,LOW,0.0
1836,SAHYOQ03_stripped.cif,LOW,LOW,0.0
1837,SEHTAB_stripped.cif,HIGH,HIGH,0.992
1838,SIKYUH_stripped.cif,HIGH,HIGH,1.0
1839,SISQAO_stripped.cif,HIGH,HIGH,0.968
1840,SUKYON_stripped.cif,HIGH,HIGH,0.712
1841,SUPLOF_stripped.cif,HIGH,LOW,0.494
1842,TEJBUI_stripped.cif,HIGH,HIGH,0.952
1843,TELDOF_stripped.cif,HIGH,HIGH,0.928
1844,TILHAZ_stripped.cif,LOW,HIGH,0.994
1845,TIRRIW_stripped.cif,LOW,LOW,0.478
1846,TUNJIX_stripped.cif,LOW,LOW,0.042
1847,UFAVAZ_stripped.cif,LOW,LOW,0.012
1848,UHETAD_stripped.cif,HIGH,HIGH,0.818
1849,UHETEH_stripped.cif,HIGH,HIGH,0.972
1850,UHOMEL_stripped.cif,LOW,LOW,0.0
1851,UJARAZ_stripped.cif,HIGH,HIGH,0.854
1852,UKEHOJ_stripped.cif,LOW,LOW,0.42
1853,UQONOF_stripped.cif,LOW,LOW,0.362
1854,URUWIP_stripped.cif,HIGH,LOW,0.412
1855,UVOTOQ_stripped.cif,HIGH,HIGH,0.986
1856,UWAGAB02_stripped.cif,LOW,LOW,0.036
1857,UWUTIQ_stripped.cif,HIGH,HIGH,0.586
1858,UXABOL_stripped.cif,HIGH,HIGH,0.786
1859,VAZVEA_stripped.cif,LOW,HIGH,0.508
1860,VEGPII_stripped.cif,LOW,LOW,0.272
1861,VEJYIT01_stripped.cif,LOW,LOW,0.446
1862,VEQSUF_stripped.cif,LOW,LOW,0.444
1863,VIXBEK_stripped.cif,LOW,LOW,0.012
1864,VOTNOJ_stripped.cif,HIGH,HIGH,0.898
1865,VUKTAY_stripped.cif,LOW,LOW,0.388
1866,WEFXAI_stripped.cif,HIGH,HIGH,0.54
1867,WEHPIJ_stripped.cif,HIGH,LOW,0.25
1868,WENDIE_stripped.cif,LOW,HIGH,0.604
1869,WENKEH_stripped.cif,LOW,HIGH,0.588
1870,WENKUX_stripped.cif,LOW,LOW,0.388
1871,WIQTUN_stripped.cif,HIGH,HIGH,0.994
1872,WITLUI_stripped.cif,HIGH,LOW,0.408
1873,WITPOG_stripped.cif,LOW,LOW,0.0
1874,WOFSIU_stripped.cif,LOW,LOW,0.002
1875,WUFXAY_stripped.cif,HIGH,HIGH,0.97
1876,XABCIP01_stripped.cif,HIGH,HIGH,0.866
1877,XAGYAH_stripped.cif,HIGH,HIGH,0.996
1878,XAMDUM_stripped.cif,HIGH,HIGH,0.994
1879,XAMDUM01_stripped.cif,HIGH,HIGH,0.992
1880,XAXVEA_stripped.cif,HIGH,HIGH,0.998
1881,XEDPIH_stripped.cif,LOW,LOW,0.142
1882,XEGJIE02_stripped.cif,LOW,LOW,0.028
1883,XEGQOS_stripped.cif,LOW,LOW,0.216
1884,XEQGEH_stripped.cif,LOW,LOW,0.11
1885,XISXEE_stripped.cif,HIGH,HIGH,0.946
1886,XOMCUZ_stripped.cif,LOW,LOW,0.002
1887,XUDYEC_stripped.cif,HIGH,HIGH,1.0
1888,XUKHUI_stripped.cif,HIGH,HIGH,0.886
1889,XUMTUV_stripped.cif,HIGH,HIGH,1.0
1890,XUMVAD_stripped.cif,HIGH,HIGH,1.0
1891,XUTQEI_stripped.cif,HIGH,HIGH,0.542
1892,YARKEJ_stripped.cif,LOW,LOW,0.082
1893,YEJMEG_stripped.cif,HIGH,HIGH,0.99
1894,YEJMIK_stripped.cif,HIGH,HIGH,0.998
1895,YOBZAR_stripped.cif,LOW,LOW,0.002
1896,YOCSEQ_stripped.cif,HIGH,HIGH,0.686
1897,YODRAM_stripped.cif,LOW,HIGH,0.644
1898,YOYBUL_stripped.cif,HIGH,HIGH,0.73
1899,YOZNAE_stripped.cif,LOW,HIGH,0.694
1900,YUPSIM_stripped.cif,LOW,LOW,0.002
1901,ZALZIY_stripped.cif,LOW,LOW,0.002
1902,ZILFOR_stripped.cif,HIGH,HIGH,0.882
1903,ZOPGUI_stripped.cif,HIGH,HIGH,0.982
1904,ZUNZIT_stripped.cif,HIGH,HIGH,0.894
1905,ADATAC_stripped.cif,HIGH,LOW,0.198
1906,ADODUU_stripped.cif,LOW,LOW,0.002
1907,AFITIT_stripped.cif,LOW,LOW,0.04
1908,AFOVIB_stripped.cif,HIGH,HIGH,0.954
1909,AHAYIT_stripped.cif,LOW,LOW,0.054
1910,AKAYER_stripped.cif,LOW,LOW,0.15
1911,ALUKUO_stripped.cif,HIGH,HIGH,0.964
1912,AMIMAL_stripped.cif,LOW,LOW,0.246
1913,ANUGIA_stripped.cif,HIGH,HIGH,0.606
1914,ASOGAS_stripped.cif,LOW,LOW,0.022
1915,ASUBIB_stripped.cif,HIGH,HIGH,0.972
1916,ATOLEC_stripped.cif,HIGH,HIGH,1.0
1917,AVIHIY_stripped.cif,HIGH,HIGH,1.0
1918,AWUNUD_stripped.cif,LOW,LOW,0.024
1919,AXIPEE03_stripped.cif,LOW,LOW,0.118
1920,AYOHON_stripped.cif,HIGH,HIGH,0.778
1921,AZIXUD_stripped.cif,HIGH,HIGH,0.996
1922,BASJEL_stripped.cif,LOW,LOW,0.212
1923,BAYREB_stripped.cif,HIGH,HIGH,0.992
1924,BEPNUH_stripped.cif,LOW,LOW,0.126
1925,BEPVOJ01_stripped.cif,LOW,LOW,0.056
1926,BEWRUR_stripped.cif,LOW,LOW,0.154
1927,BUGSAY_stripped.cif,HIGH,HIGH,0.972
1928,BUGSOM_stripped.cif,HIGH,HIGH,0.98
1929,BUTBEZ_stripped.cif,HIGH,HIGH,0.956
1930,BUVXOG_stripped.cif,LOW,LOW,0.002
1931,BUVYIB01_stripped.cif,HIGH,LOW,0.36
1932,CAPTEV_stripped.cif,HIGH,HIGH,0.994
1933,CASTIC_stripped.cif,LOW,HIGH,0.6
1934,CAVWOO_stripped.cif,HIGH,HIGH,0.972
1935,CAYDOX05_stripped.cif,LOW,LOW,0.0
1936,CEDFOI_stripped.cif,HIGH,HIGH,0.994
1937,CICROX_stripped.cif,LOW,LOW,0.114
1938,CONKIB_stripped.cif,HIGH,HIGH,0.612
1939,COWMEH_stripped.cif,HIGH,HIGH,1.0
1940,COWMUX_stripped.cif,HIGH,HIGH,0.996
1941,COWPOU_stripped.cif,LOW,LOW,0.002
1942,CUMDIY_stripped.cif,LOW,LOW,0.0
1943,DEFKUU_stripped.cif,LOW,HIGH,0.526
1944,DELHUY01_stripped.cif,LOW,LOW,0.128
1945,DIDBID_stripped.cif,HIGH,HIGH,0.976
1946,DIDBOJ_stripped.cif,HIGH,HIGH,0.914
1947,DIRRUT_stripped.cif,HIGH,HIGH,0.5
1948,DOPJAV_stripped.cif,HIGH,HIGH,0.854
1949,DOTSOV07_stripped.cif,HIGH,HIGH,0.998
1950,DOTSOV14_stripped.cif,HIGH,HIGH,0.998
1951,DOTSOV15_stripped.cif,HIGH,HIGH,1.0
1952,DOTSOV28_stripped.cif,HIGH,HIGH,0.994
1953,DOYWIZ_stripped.cif,LOW,HIGH,0.858
1954,DUGMOJ_stripped.cif,HIGH,HIGH,0.734
1955,DUNYIW_stripped.cif,LOW,HIGH,0.634
1956,DUPKAC_stripped.cif,HIGH,HIGH,0.88
1957,EHESOB_stripped.cif,LOW,LOW,0.002
1958,EHIJAH_stripped.cif,LOW,LOW,0.02
1959,EMAXOH_stripped.cif,HIGH,HIGH,0.998
1960,EQEVEC_stripped.cif,LOW,LOW,0.38
1961,EWETUW_stripped.cif,LOW,LOW,0.43
1962,EZOFIJ_stripped.cif,HIGH,HIGH,0.86
1963,FADZEP_stripped.cif,HIGH,HIGH,0.966
1964,FANWIC_stripped.cif,LOW,LOW,0.068
1965,FIQCEN_stripped.cif,HIGH,HIGH,0.906
1966,FIRBOX02_stripped.cif,LOW,LOW,0.256
1967,FOCYUT_stripped.cif,LOW,LOW,0.01
1968,GAGSAL_stripped.cif,LOW,LOW,0.002
1969,GALBUS_stripped.cif,HIGH,HIGH,0.592
1970,GASSUR_stripped.cif,HIGH,LOW,0.282
1971,GEBPEK_stripped.cif,HIGH,LOW,0.21
1972,GECXUH03_stripped.cif,HIGH,HIGH,0.992
1973,GEDRUE_stripped.cif,HIGH,HIGH,1.0
1974,GOKTEH_stripped.cif,LOW,LOW,0.012
1975,GUYLUI_stripped.cif,LOW,LOW,0.004
1976,HALHEJ_stripped.cif,HIGH,HIGH,0.906
1977,HAMJOW_stripped.cif,HIGH,HIGH,0.758
1978,HAQJIV_stripped.cif,HIGH,HIGH,0.958
1979,HAYTAE_stripped.cif,HIGH,HIGH,0.972
1980,HAYZEP_stripped.cif,LOW,LOW,0.274
1981,HIHGOW_stripped.cif,HIGH,HIGH,0.814
1982,HIKMIY_stripped.cif,LOW,LOW,0.0
1983,HIQNOM_stripped.cif,LOW,HIGH,0.78
1984,HOYKUD_stripped.cif,HIGH,HIGH,0.668
1985,HOZBAB_stripped.cif,HIGH,HIGH,0.868
1986,HURFEH_stripped.cif,LOW,HIGH,0.858
1987,HUTGUZ_stripped.cif,LOW,LOW,0.014
1988,IGINIX_stripped.cif,HIGH,HIGH,0.966
1989,IGUBES_stripped.cif,LOW,LOW,0.006
1990,ILOWAI_stripped.cif,LOW,LOW,0.002
1991,IWELIG_stripped.cif,LOW,LOW,0.006
1992,IYOBAA_stripped.cif,LOW,LOW,0.368
1993,IYOHOU_stripped.cif,HIGH,HIGH,0.552
1994,JAMPOF_stripped.cif,LOW,LOW,0.144
1995,JAMPUL_stripped.cif,LOW,LOW,0.128
1996,JAPYOR_stripped.cif,HIGH,HIGH,0.998
1997,JAPZEI_stripped.cif,HIGH,HIGH,1.0
1998,JOVCEE_stripped.cif,HIGH,HIGH,0.51
1999,JUCGUL_stripped.cif,LOW,LOW,0.0
2000,JUZXAD_stripped.cif,LOW,LOW,0.012
2001,KACZOG_stripped.cif,LOW,LOW,0.004
2002,KADLUZ_stripped.cif,LOW,LOW,0.22
2003,KANDIO_stripped.cif,HIGH,LOW,0.402
2004,KEPGAP_stripped.cif,HIGH,LOW,0.412
2005,KOSLUB_stripped.cif,HIGH,HIGH,0.988
2006,KUCDIW_stripped.cif,LOW,LOW,0.414
2007,KUJMEJ_stripped.cif,HIGH,HIGH,0.99
2008,KUMGUW_stripped.cif,LOW,LOW,0.192
2009,KUTPEW_stripped.cif,HIGH,HIGH,0.986
2010,LASYOU_stripped.cif,HIGH,HIGH,0.904
2011,LAWXOZ_stripped.cif,LOW,LOW,0.0
2012,LAZLIJ_stripped.cif,LOW,LOW,0.018
2013,LEBRES_stripped.cif,HIGH,HIGH,0.858
2014,LIBZIG_stripped.cif,HIGH,HIGH,0.998
2015,LITDAV_stripped.cif,HIGH,HIGH,0.992
2016,LUFNAC03_stripped.cif,HIGH,HIGH,0.998
2017,LUFNAC05_stripped.cif,HIGH,HIGH,0.998
2018,LUKLIN_stripped.cif,LOW,LOW,0.024
2019,LUPTAS_stripped.cif,HIGH,LOW,0.356
2020,MEHMET_stripped.cif,LOW,LOW,0.032
2021,MEKKUL_stripped.cif,HIGH,HIGH,0.988
2022,MIFTUS_stripped.cif,LOW,LOW,0.172
2023,MIVDIF_stripped.cif,HIGH,HIGH,1.0
2024,MOCKEV_stripped.cif,HIGH,HIGH,0.852
2025,MOHLIF_stripped.cif,HIGH,HIGH,0.984
2026,MOYYEF_stripped.cif,HIGH,HIGH,0.742
2027,MOYYIJ_stripped.cif,HIGH,HIGH,0.75
2028,MUNSEV_stripped.cif,HIGH,HIGH,0.99
2029,NAJSUP_stripped.cif,HIGH,HIGH,0.998
2030,NIGFOZ_stripped.cif,HIGH,HIGH,1.0
2031,NOMVER_stripped.cif,HIGH,HIGH,0.524
2032,NUCBUK_stripped.cif,HIGH,HIGH,0.956
2033,NUCYIV_stripped.cif,LOW,LOW,0.398
2034,NUHQUE_stripped.cif,HIGH,HIGH,1.0
2035,NUWVIM_stripped.cif,LOW,LOW,0.024
2036,OBAHIL_stripped.cif,LOW,LOW,0.222
2037,OCIYUW_stripped.cif,HIGH,HIGH,0.788
2038,ODEPOF_stripped.cif,LOW,LOW,0.002
2039,OFARAQ_stripped.cif,HIGH,LOW,0.188
2040,OGEHUF_stripped.cif,HIGH,HIGH,0.89
2041,OGUFAZ_stripped.cif,HIGH,HIGH,0.962
2042,OHAGEL_stripped.cif,LOW,LOW,0.324
2043,OHOFIA_stripped.cif,LOW,LOW,0.098
2044,ONULOA_stripped.cif,LOW,LOW,0.008
2045,OTIPUE_stripped.cif,LOW,LOW,0.19
2046,PACWEW_stripped.cif,HIGH,HIGH,0.68
2047,PAKFEP_stripped.cif,HIGH,LOW,0.354
2048,PANYOU_stripped.cif,LOW,LOW,0.008
2049,PASGAU_stripped.cif,LOW,LOW,0.012
2050,PEWDIG_stripped.cif,HIGH,HIGH,0.968
2051,PIHJOH01_stripped.cif,LOW,LOW,0.012
2052,PIZREX_stripped.cif,LOW,LOW,0.016
2053,PUMWEB_stripped.cif,LOW,LOW,0.006
2054,QARPOR_stripped.cif,LOW,LOW,0.0
2055,QATVUF_stripped.cif,LOW,LOW,0.008
2056,QEBZII_stripped.cif,HIGH,HIGH,0.988
2057,QETCUO_stripped.cif,HIGH,HIGH,0.996
2058,QOWRAV03_stripped.cif,HIGH,HIGH,0.994
2059,QOWRAV07_stripped.cif,HIGH,HIGH,0.998
2060,QOWRAV09_stripped.cif,HIGH,HIGH,0.996
2061,QUDJOP_stripped.cif,HIGH,HIGH,1.0
2062,QURSEC_stripped.cif,LOW,LOW,0.08
2063,RAMPAZ_stripped.cif,HIGH,LOW,0.448
2064,REGXOS_stripped.cif,LOW,LOW,0.36
2065,REVQAK_stripped.cif,LOW,LOW,0.46
2066,REXDAB_stripped.cif,LOW,LOW,0.01
2067,REXDUV_stripped.cif,LOW,LOW,0.026
2068,REXFIL_stripped.cif,LOW,LOW,0.144
2069,RIPKOS_stripped.cif,LOW,LOW,0.004
2070,RIYBIM_stripped.cif,LOW,LOW,0.306
2071,ROQVIE_stripped.cif,HIGH,HIGH,0.758
2072,RULGEM_stripped.cif,HIGH,HIGH,0.958
2073,RUVKAV_stripped.cif,LOW,HIGH,0.752
2074,RUWXEN_stripped.cif,HIGH,HIGH,0.98
2075,RUXBAP_stripped.cif,HIGH,LOW,0.464
2076,SAHYOQ05_stripped.cif,LOW,LOW,0.006
2077,SAMKOI_stripped.cif,HIGH,HIGH,0.998
2078,SARHAW_stripped.cif,LOW,LOW,0.006
2079,SATNOR_stripped.cif,HIGH,HIGH,1.0
2080,SERKEG_stripped.cif,LOW,LOW,0.052
2081,SIKYIV_stripped.cif,HIGH,HIGH,1.0
2082,SIXFIQ_stripped.cif,HIGH,HIGH,0.574
2083,SOTXAC_stripped.cif,HIGH,HIGH,1.0
2084,SOWCOY01_stripped.cif,HIGH,HIGH,0.524
2085,SUKYIH_stripped.cif,LOW,HIGH,0.89
2086,SUWCIY_stripped.cif,LOW,LOW,0.0
2087,TABQAR_stripped.cif,HIGH,HIGH,0.906
2088,TAGQUQ_stripped.cif,LOW,LOW,0.394
2089,TAQGOK_stripped.cif,LOW,LOW,0.002
2090,TUNJET_stripped.cif,LOW,LOW,0.004
2091,UBIBUF_stripped.cif,HIGH,HIGH,0.97
2092,UBINUQ_stripped.cif,HIGH,HIGH,0.746
2093,UBIPAY_stripped.cif,HIGH,HIGH,0.908
2094,UCEXAC_stripped.cif,HIGH,HIGH,0.99
2095,UDAFOX_stripped.cif,HIGH,HIGH,0.502
2096,UKAQIH_stripped.cif,HIGH,HIGH,0.97
2097,UKUBUY_stripped.cif,LOW,LOW,0.112
2098,UMEKII_stripped.cif,LOW,LOW,0.002
2099,UQEYUM_stripped.cif,LOW,LOW,0.0
2100,UWAGAB04_stripped.cif,LOW,LOW,0.038
2101,UZUNAF01_stripped.cif,LOW,LOW,0.002
2102,VACTIE_stripped.cif,LOW,LOW,0.006
2103,VAMXEO01_stripped.cif,LOW,HIGH,0.542
2104,VAVKEK_stripped.cif,LOW,LOW,0.012
2105,VAXJAI_stripped.cif,HIGH,HIGH,0.822
2106,VEGGOG_stripped.cif,LOW,LOW,0.004
2107,VIWVAA_stripped.cif,HIGH,HIGH,0.918
2108,VIYMAT_stripped.cif,HIGH,HIGH,1.0
2109,WAMYAN_stripped.cif,HIGH,HIGH,0.952
2110,WEFXEM_stripped.cif,LOW,LOW,0.02
2111,WEGFUL_stripped.cif,LOW,LOW,0.004
2112,WEHREH_stripped.cif,LOW,LOW,0.124
2113,WEMFAX_stripped.cif,HIGH,HIGH,0.944
2114,WEMFIF_stripped.cif,HIGH,HIGH,0.952
2115,WEMFOL_stripped.cif,HIGH,HIGH,0.948
2116,WIJXEU_stripped.cif,HIGH,HIGH,0.992
2117,WIQVAV_stripped.cif,HIGH,HIGH,0.97
2118,WOFSEQ_stripped.cif,LOW,LOW,0.002
2119,WOHBOL_stripped.cif,LOW,LOW,0.008
2120,WOJZAY_stripped.cif,HIGH,HIGH,1.0
2121,WOLMEQ_stripped.cif,LOW,LOW,0.0
2122,WORKUL_stripped.cif,HIGH,HIGH,0.992
2123,WOSZEL_stripped.cif,HIGH,HIGH,0.886
2124,WUSSEK_stripped.cif,LOW,LOW,0.418
2125,XAFFUH_stripped.cif,LOW,LOW,0.002
2126,XALBIW_stripped.cif,LOW,LOW,0.048
2127,XAPDEY_stripped.cif,LOW,LOW,0.016
2128,XAWXOL_stripped.cif,HIGH,HIGH,0.918
2129,XEJVOZ_stripped.cif,LOW,LOW,0.012
2130,XETGAG_stripped.cif,LOW,LOW,0.106
2131,XILTAP_stripped.cif,HIGH,HIGH,0.818
2132,YARGEF_stripped.cif,HIGH,HIGH,0.986
2133,YEZFIU_stripped.cif,LOW,LOW,0.114
2134,YOGKOW_stripped.cif,HIGH,HIGH,0.63
2135,YOLKUH_stripped.cif,LOW,LOW,0.054
2136,YOTHEW_stripped.cif,LOW,HIGH,0.722
2137,YUCZOM_stripped.cif,HIGH,HIGH,0.958
2138,YUSWEQ_stripped.cif,HIGH,HIGH,0.998
2139,ZAWVAW_stripped.cif,LOW,LOW,0.024
2140,ZECBUH_stripped.cif,HIGH,HIGH,0.998
2141,ZEDVUB_stripped.cif,HIGH,HIGH,0.56
2142,ZIWMEZ_stripped.cif,LOW,LOW,0.036
2143,ABEXOW_stripped.cif,HIGH,HIGH,0.918
2144,ABEYAJ_stripped.cif,HIGH,HIGH,0.884
2145,ABEYIR_stripped.cif,HIGH,HIGH,0.628
2146,AGAXIP_stripped.cif,HIGH,HIGH,0.994
2147,AGAYAI_stripped.cif,LOW,HIGH,0.552
2148,AGUVAA_stripped.cif,HIGH,HIGH,0.978
2149,AHEBAS_stripped.cif,HIGH,HIGH,0.826
2150,APAZEY_stripped.cif,HIGH,HIGH,0.998
2151,AVELOD_stripped.cif,HIGH,LOW,0.422
2152,AVIHOE_stripped.cif,HIGH,HIGH,0.58
2153,AWEDOW_stripped.cif,LOW,LOW,0.02
2154,AXIPEE_stripped.cif,LOW,LOW,0.096
2155,AXIPEE01_stripped.cif,LOW,LOW,0.242
2156,AYOQEM_stripped.cif,HIGH,HIGH,0.974
2157,AYOXUJ_stripped.cif,HIGH,HIGH,0.898
2158,AZUGUZ_stripped.cif,LOW,LOW,0.254
2159,BAPSUH01_stripped.cif,HIGH,HIGH,0.63
2160,BEPPAP_stripped.cif,LOW,LOW,0.042
2161,BETDIP_stripped.cif,HIGH,HIGH,0.998
2162,BETFEN_stripped.cif,HIGH,HIGH,1.0
2163,BIYTEJ_stripped.cif,LOW,LOW,0.004
2164,BONMAT_stripped.cif,HIGH,HIGH,0.898
2165,BOYBUO_stripped.cif,HIGH,HIGH,0.908
2166,BUHJUL_stripped.cif,HIGH,HIGH,0.698
2167,BURJOO_stripped.cif,LOW,LOW,0.0
2168,CAGSAG_stripped.cif,HIGH,HIGH,0.998
2169,CARGUA_stripped.cif,HIGH,HIGH,0.916
2170,CASTEY_stripped.cif,LOW,LOW,0.496
2171,CAVRAU_stripped.cif,HIGH,HIGH,0.894
2172,CAYDOX_stripped.cif,LOW,LOW,0.0
2173,CAYDOX01_stripped.cif,LOW,LOW,0.002
2174,CEMKUB_stripped.cif,LOW,LOW,0.2
2175,COKNIB01_stripped.cif,HIGH,HIGH,0.816
2176,CORZOA_stripped.cif,HIGH,HIGH,0.746
2177,CUMJEB_stripped.cif,LOW,LOW,0.008
2178,CUWZIF_stripped.cif,HIGH,HIGH,1.0
2179,DAPHOU_stripped.cif,HIGH,HIGH,0.974
2180,DECYAO_stripped.cif,LOW,LOW,0.004
2181,DOTSOV08_stripped.cif,HIGH,HIGH,0.998
2182,DOTSOV19_stripped.cif,HIGH,HIGH,1.0
2183,DOTSOV21_stripped.cif,HIGH,HIGH,1.0
2184,DUHPUT_stripped.cif,LOW,LOW,0.176
2185,DUMGAU_stripped.cif,HIGH,HIGH,1.0
2186,EBEWOZ_stripped.cif,LOW,LOW,0.066
2187,EFOLEQ_stripped.cif,LOW,LOW,0.026
2188,EHESUH_stripped.cif,LOW,LOW,0.006
2189,EPISOM_stripped.cif,HIGH,HIGH,0.916
2190,EPOTAF_stripped.cif,HIGH,HIGH,0.638
2191,ESUVAR01_stripped.cif,HIGH,LOW,0.428
2192,ETEJUJ_stripped.cif,HIGH,HIGH,1.0
2193,EWIMON_stripped.cif,HIGH,HIGH,0.702
2194,EZUMIX_stripped.cif,LOW,LOW,0.198
2195,FATKAO_stripped.cif,HIGH,HIGH,0.912
2196,FAZQAA_stripped.cif,LOW,LOW,0.418
2197,FAZRAA_stripped.cif,LOW,LOW,0.006
2198,FIFMOY_stripped.cif,LOW,LOW,0.064
2199,FIFMUE_stripped.cif,LOW,LOW,0.058
2200,FIJFUA_stripped.cif,HIGH,HIGH,0.972
2201,FIPWOS_stripped.cif,LOW,LOW,0.166
2202,FURREQ_stripped.cif,HIGH,HIGH,0.88
2203,GACYAN_stripped.cif,HIGH,LOW,0.406
2204,GEFZAV_stripped.cif,HIGH,HIGH,0.876
2205,GEGDED_stripped.cif,HIGH,HIGH,0.922
2206,GIXNAE_stripped.cif,HIGH,HIGH,0.754
2207,GONNAA_stripped.cif,HIGH,HIGH,0.998
2208,GUBVUU_stripped.cif,LOW,LOW,0.018
2209,GUGJEZ_stripped.cif,HIGH,HIGH,0.946
2210,GUHPEG_stripped.cif,HIGH,HIGH,0.73
2211,GUJREK01_stripped.cif,LOW,LOW,0.106
2212,GUPDIF_stripped.cif,LOW,LOW,0.198
2213,GURYOJ_stripped.cif,HIGH,LOW,0.224
2214,HABQUY_stripped.cif,LOW,LOW,0.044
2215,HADPOU_stripped.cif,HIGH,LOW,0.426
2216,HALQUJ_stripped.cif,HIGH,HIGH,0.624
2217,HANWAW_stripped.cif,HIGH,HIGH,0.988
2218,HEDCAW_stripped.cif,HIGH,HIGH,0.988
2219,HEDCIE_stripped.cif,LOW,LOW,0.482
2220,HIFVUO_stripped.cif,LOW,HIGH,0.758
2221,HULCOI_stripped.cif,HIGH,HIGH,0.856
2222,IMIXEI_stripped.cif,HIGH,HIGH,0.998
2223,INUNEL_stripped.cif,LOW,LOW,0.004
2224,IQOHUT_stripped.cif,HIGH,HIGH,0.79
2225,IRIFEW_stripped.cif,HIGH,HIGH,0.998
2226,ISAROK_stripped.cif,LOW,LOW,0.018
2227,IXUWUU_stripped.cif,LOW,LOW,0.074
2228,JADMEJ_stripped.cif,HIGH,LOW,0.494
2229,JAPYEH_stripped.cif,HIGH,HIGH,1.0
2230,JATVOS_stripped.cif,LOW,LOW,0.002
2231,JISVEN_stripped.cif,HIGH,HIGH,1.0
2232,JODGIU_stripped.cif,HIGH,HIGH,0.926
2233,JOFKIA01_stripped.cif,HIGH,HIGH,0.602
2234,JOGHIY_stripped.cif,LOW,LOW,0.046
2235,JUFREJ_stripped.cif,HIGH,HIGH,0.63
2236,JUTCIM_stripped.cif,LOW,HIGH,0.59
2237,JUWSUR_stripped.cif,LOW,HIGH,0.81
2238,KAFJUZ_stripped.cif,HIGH,HIGH,0.994
2239,KANCIN_stripped.cif,LOW,LOW,0.096
2240,KEDPUG_stripped.cif,LOW,LOW,0.066
2241,KEDQAN_stripped.cif,LOW,LOW,0.0
2242,KEFBOO_stripped.cif,HIGH,HIGH,0.87
2243,KEVLAA_stripped.cif,LOW,LOW,0.074
2244,KIJRUS_stripped.cif,HIGH,HIGH,0.928
2245,KIPKIF_stripped.cif,LOW,LOW,0.04
2246,KOJYUE_stripped.cif,HIGH,HIGH,0.64
2247,KOSKIO01_stripped.cif,HIGH,HIGH,0.986
2248,KOSKUA_stripped.cif,LOW,LOW,0.028
2249,KUKZOH_stripped.cif,HIGH,HIGH,0.994
2250,LADQOZ_stripped.cif,HIGH,HIGH,0.856
2251,LEBSIV_stripped.cif,HIGH,HIGH,0.846
2252,LIQJEC_stripped.cif,LOW,LOW,0.01
2253,LIWPUE_stripped.cif,LOW,LOW,0.0
2254,LOSCUT_stripped.cif,HIGH,HIGH,0.968
2255,LUFNEG_stripped.cif,HIGH,HIGH,0.68
2256,LULVOF_stripped.cif,LOW,LOW,0.042
2257,LUSHIR_stripped.cif,LOW,LOW,0.0
2258,LUYHAP_stripped.cif,LOW,HIGH,0.906
2259,MABKEG_stripped.cif,LOW,LOW,0.0
2260,MABLAD_stripped.cif,LOW,LOW,0.018
2261,MADWAQ_stripped.cif,LOW,LOW,0.0
2262,MAQBAK_stripped.cif,HIGH,HIGH,0.982
2263,MEFWID_stripped.cif,HIGH,HIGH,0.782
2264,MEGFIN_stripped.cif,LOW,HIGH,0.53
2265,MIBQAR03_stripped.cif,LOW,LOW,0.0
2266,MIBQAR07_stripped.cif,LOW,LOW,0.0
2267,MIBQAR14_stripped.cif,LOW,LOW,0.0
2268,MITGOL_stripped.cif,HIGH,HIGH,0.874
2269,MUBREI_stripped.cif,LOW,LOW,0.154
2270,MURBEI_stripped.cif,HIGH,LOW,0.102
2271,NAHFIO_stripped.cif,LOW,LOW,0.308
2272,NAHNES_stripped.cif,LOW,LOW,0.216
2273,NAPZOV_stripped.cif,HIGH,HIGH,0.642
2274,NAYXOC_stripped.cif,HIGH,HIGH,0.964
2275,NOBVOR_stripped.cif,LOW,LOW,0.274
2276,NUZCER_stripped.cif,LOW,LOW,0.0
2277,ODEQAS_stripped.cif,LOW,LOW,0.0
2278,OGEHOZ_stripped.cif,HIGH,HIGH,0.7
2279,OKANOF_stripped.cif,LOW,HIGH,0.516
2280,OKIKAV_stripped.cif,LOW,HIGH,0.942
2281,OKIZOZ_stripped.cif,LOW,LOW,0.0
2282,OMABEL_stripped.cif,LOW,LOW,0.108
2283,OPAWOT_stripped.cif,LOW,LOW,0.008
2284,OPIZAP_stripped.cif,LOW,LOW,0.0
2285,OQANIE_stripped.cif,LOW,HIGH,0.702
2286,OSIWOD01_stripped.cif,LOW,LOW,0.0
2287,OZUKUR_stripped.cif,LOW,LOW,0.086
2288,PASMUT_stripped.cif,HIGH,HIGH,1.0
2289,PEDBIM_stripped.cif,HIGH,HIGH,0.984
2290,PEZCII_stripped.cif,HIGH,HIGH,0.828
2291,PIBFEM_stripped.cif,HIGH,HIGH,0.982
2292,PIHJOH02_stripped.cif,LOW,LOW,0.0
2293,PIZPIX01_stripped.cif,HIGH,HIGH,0.994
2294,PIZPIX02_stripped.cif,HIGH,HIGH,0.996
2295,POBGOE01_stripped.cif,LOW,LOW,0.07
2296,PODKOK_stripped.cif,LOW,LOW,0.052
2297,PODWIQ_stripped.cif,LOW,LOW,0.042
2298,POKGEC_stripped.cif,HIGH,HIGH,0.564
2299,PUDSOX_stripped.cif,HIGH,HIGH,1.0
2300,PUFQOY_stripped.cif,LOW,LOW,0.23
2301,PUFRIT_stripped.cif,HIGH,LOW,0.368
2302,PUJJEL_stripped.cif,LOW,HIGH,0.836
2303,QAQTOT_stripped.cif,HIGH,LOW,0.494
2304,QARMAA_stripped.cif,LOW,LOW,0.014
2305,QEFZEJ_stripped.cif,LOW,LOW,0.06
2306,QIWRUJ_stripped.cif,HIGH,HIGH,0.702
2307,QOWRAV08_stripped.cif,HIGH,HIGH,1.0
2308,QOWRAV11_stripped.cif,HIGH,HIGH,1.0
2309,QUPDEL_stripped.cif,HIGH,HIGH,0.952
2310,RAHWOP_stripped.cif,HIGH,LOW,0.342
2311,RAYLEK_stripped.cif,LOW,LOW,0.064
2312,RIPKIM_stripped.cif,LOW,LOW,0.014
2313,RITDAB_stripped.cif,LOW,LOW,0.006
2314,RIXBIK_stripped.cif,LOW,LOW,0.208
2315,RUWYIT_stripped.cif,HIGH,HIGH,0.52
2316,RUWYOZ_stripped.cif,HIGH,HIGH,0.548
2317,SAQCIZ_stripped.cif,LOW,LOW,0.032
2318,SEHXAF_stripped.cif,HIGH,HIGH,0.996
2319,SERKAC_stripped.cif,LOW,LOW,0.024
2320,SIVGIP_stripped.cif,HIGH,LOW,0.452
2321,SOHGUS_stripped.cif,HIGH,HIGH,0.84
2322,TEMPEI_stripped.cif,LOW,LOW,0.208
2323,TEWGEJ01_stripped.cif,HIGH,HIGH,0.538
2324,TITBIJ_stripped.cif,LOW,LOW,0.15
2325,TITBOP_stripped.cif,LOW,LOW,0.394
2326,TIXKUI_stripped.cif,HIGH,HIGH,0.58
2327,TOBKAY_stripped.cif,HIGH,HIGH,0.97
2328,UHESOQ_stripped.cif,HIGH,HIGH,0.918
2329,UKUQEX_stripped.cif,HIGH,HIGH,0.674
2330,ULEGOH_stripped.cif,LOW,LOW,0.004
2331,ULILEI_stripped.cif,LOW,LOW,0.206
2332,UMEZUH_stripped.cif,LOW,LOW,0.006
2333,UNIGEE_stripped.cif,LOW,LOW,0.11
2334,VAHVOR_stripped.cif,HIGH,HIGH,1.0
2335,VAPVAM_stripped.cif,HIGH,HIGH,0.612
2336,VAVBAX_stripped.cif,HIGH,HIGH,0.916
2337,VEFTOR_stripped.cif,LOW,LOW,0.088
2338,VETTOE_stripped.cif,HIGH,HIGH,0.998
2339,VIZRIH_stripped.cif,LOW,LOW,0.002
2340,VOJGOS_stripped.cif,HIGH,HIGH,0.8
2341,VUGXEC_stripped.cif,HIGH,HIGH,0.918
2342,VULKOD_stripped.cif,HIGH,LOW,0.268
2343,VULRAW02_stripped.cif,LOW,LOW,0.0
2344,VUSKAW_stripped.cif,LOW,LOW,0.036
2345,WALKAY_stripped.cif,LOW,LOW,0.316
2346,WEHSEJ_stripped.cif,HIGH,HIGH,1.0
2347,WEMDID_stripped.cif,HIGH,HIGH,0.97
2348,WEMPAF_stripped.cif,LOW,LOW,0.02
2349,WIRMUH_stripped.cif,HIGH,LOW,0.24
2350,WOCWAN_stripped.cif,LOW,LOW,0.002
2351,WOFTER_stripped.cif,LOW,LOW,0.024
2352,XADDOX_stripped.cif,HIGH,HIGH,0.99
2353,XAFFER_stripped.cif,LOW,LOW,0.008
2354,XAKCUK_stripped.cif,LOW,LOW,0.01
2355,XAWDUX01_stripped.cif,LOW,LOW,0.23
2356,XEBHOC_stripped.cif,LOW,LOW,0.004
2357,XILLIP_stripped.cif,HIGH,HIGH,0.674
2358,XOKQUL_stripped.cif,HIGH,HIGH,0.998
2359,XOZYER_stripped.cif,HIGH,HIGH,0.824
2360,XUGBUY_stripped.cif,HIGH,HIGH,0.99
2361,XUNJEW_stripped.cif,LOW,LOW,0.03
2362,XUZWAS_stripped.cif,LOW,LOW,0.046
2363,YABHER_stripped.cif,HIGH,LOW,0.402
2364,YAVHOV_stripped.cif,LOW,LOW,0.25
2365,YAVZUT_stripped.cif,HIGH,HIGH,0.976
2366,YAZWOM_stripped.cif,LOW,LOW,0.07
2367,YIKTET_stripped.cif,HIGH,HIGH,0.77
2368,YINSIZ_stripped.cif,LOW,LOW,0.008
2369,YOCDUR_stripped.cif,HIGH,HIGH,0.942
2370,YOMZIL_stripped.cif,LOW,LOW,0.002
2371,YUBQET_stripped.cif,LOW,LOW,0.022
2372,YUDFEK_stripped.cif,HIGH,HIGH,0.732
2373,YUQQEI_stripped.cif,LOW,LOW,0.028
2374,YUVSUE_stripped.cif,LOW,LOW,0.022
2375,ZAVREV_stripped.cif,HIGH,HIGH,0.998
2376,ZAWVEA_stripped.cif,LOW,LOW,0.01
2377,ZEFDIA_stripped.cif,HIGH,HIGH,0.968
2378,ZETLER_stripped.cif,LOW,LOW,0.016
2379,ZILBIH_stripped.cif,HIGH,HIGH,0.928
2380,ZUPBET_stripped.cif,HIGH,HIGH,0.894
